provider,mode,w,budget,found,expansions,closed,cost,optimal,suboptimality,nonfinite,suite,world_index
euclid,astar,,24,False,24,24,nan,0.7073881711670098,nan,0,C_hard_bugtrap,0
euclid,focal,1.0,24,False,24,24,nan,0.7073881711670098,nan,0,C_hard_bugtrap,0
euclid,focal,1.1,24,True,23,23,0.7073881711670099,0.7073881711670098,1.0000000000000002,0,C_hard_bugtrap,0
euclid,astar,,32,True,26,26,0.7073881711670099,0.7073881711670098,1.0000000000000002,0,C_hard_bugtrap,0
euclid,focal,1.0,32,True,26,26,0.7073881711670099,0.7073881711670098,1.0000000000000002,0,C_hard_bugtrap,0
euclid,focal,1.1,32,True,23,23,0.7073881711670099,0.7073881711670098,1.0000000000000002,0,C_hard_bugtrap,0
oracle,astar,,24,True,8,8,0.7073881711670099,0.7073881711670098,1.0000000000000002,0,C_hard_bugtrap,0
oracle,focal,1.0,24,False,24,24,nan,0.7073881711670098,nan,0,C_hard_bugtrap,0
oracle,focal,1.1,24,True,23,23,0.7102825003206306,0.7073881711670098,1.0040915713205183,0,C_hard_bugtrap,0
oracle,astar,,32,True,8,8,0.7073881711670099,0.7073881711670098,1.0000000000000002,0,C_hard_bugtrap,0
oracle,focal,1.0,32,True,26,26,0.7073881711670099,0.7073881711670098,1.0000000000000002,0,C_hard_bugtrap,0
oracle,focal,1.1,32,True,23,23,0.7102825003206306,0.7073881711670098,1.0040915713205183,0,C_hard_bugtrap,0
scalar_hrm,astar,,24,True,13,13,0.7073881711670099,0.7073881711670098,1.0000000000000002,0,C_hard_bugtrap,0
scalar_hrm,focal,1.0,24,False,24,24,nan,0.7073881711670098,nan,0,C_hard_bugtrap,0
scalar_hrm,focal,1.1,24,True,22,22,0.7073881711670099,0.7073881711670098,1.0000000000000002,0,C_hard_bugtrap,0
scalar_hrm,astar,,32,True,13,13,0.7073881711670099,0.7073881711670098,1.0000000000000002,0,C_hard_bugtrap,0
scalar_hrm,focal,1.0,32,True,26,26,0.7073881711670099,0.7073881711670098,1.0000000000000002,0,C_hard_bugtrap,0
scalar_hrm,focal,1.1,32,True,22,22,0.7073881711670099,0.7073881711670098,1.0000000000000002,0,C_hard_bugtrap,0
scalar_onlstm,astar,,24,True,15,15,0.7073881711670099,0.7073881711670098,1.0000000000000002,0,C_hard_bugtrap,0
scalar_onlstm,focal,1.0,24,False,24,24,nan,0.7073881711670098,nan,0,C_hard_bugtrap,0
scalar_onlstm,focal,1.1,24,True,22,22,0.7073881711670099,0.7073881711670098,1.0000000000000002,0,C_hard_bugtrap,0
scalar_onlstm,astar,,32,True,15,15,0.7073881711670099,0.7073881711670098,1.0000000000000002,0,C_hard_bugtrap,0
scalar_onlstm,focal,1.0,32,True,26,26,0.7073881711670099,0.7073881711670098,1.0000000000000002,0,C_hard_bugtrap,0
scalar_onlstm,focal,1.1,32,True,22,22,0.7073881711670099,0.7073881711670098,1.0000000000000002,0,C_hard_bugtrap,0
field_unet,astar,,24,False,24,24,nan,0.7073881711670098,nan,0,C_hard_bugtrap,0
field_unet,focal,1.0,24,False,24,24,nan,0.7073881711670098,nan,0,C_hard_bugtrap,0
field_unet,focal,1.1,24,False,24,24,nan,0.7073881711670098,nan,0,C_hard_bugtrap,0
field_unet,astar,,32,True,32,32,0.7073881711670099,0.7073881711670098,1.0000000000000002,0,C_hard_bugtrap,0
field_unet,focal,1.0,32,True,26,26,0.7073881711670099,0.7073881711670098,1.0000000000000002,0,C_hard_bugtrap,0
field_unet,focal,1.1,32,True,27,27,0.7117862254170919,0.7073881711670098,1.0062173138162975,0,C_hard_bugtrap,0
field_onlstm,astar,,24,True,16,16,0.7252143059693511,0.7073881711670098,1.0251999334013921,0,C_hard_bugtrap,0
field_onlstm,focal,1.0,24,False,24,24,nan,0.7073881711670098,nan,0,C_hard_bugtrap,0
field_onlstm,focal,1.1,24,True,19,19,0.7097622884924198,0.7073881711670098,1.00335617334609,0,C_hard_bugtrap,0
field_onlstm,astar,,32,True,16,16,0.7252143059693511,0.7073881711670098,1.0251999334013921,0,C_hard_bugtrap,0
field_onlstm,focal,1.0,32,True,26,26,0.7073881711670099,0.7073881711670098,1.0000000000000002,0,C_hard_bugtrap,0
field_onlstm,focal,1.1,32,True,19,19,0.7097622884924198,0.7073881711670098,1.00335617334609,0,C_hard_bugtrap,0
field_hrm,astar,,24,True,20,20,0.7252143059693511,0.7073881711670098,1.0251999334013921,0,C_hard_bugtrap,0
field_hrm,focal,1.0,24,False,24,24,nan,0.7073881711670098,nan,0,C_hard_bugtrap,0
field_hrm,focal,1.1,24,True,24,24,0.7102825003206306,0.7073881711670098,1.0040915713205183,0,C_hard_bugtrap,0
field_hrm,astar,,32,True,20,20,0.7252143059693511,0.7073881711670098,1.0251999334013921,0,C_hard_bugtrap,0
field_hrm,focal,1.0,32,True,26,26,0.7073881711670099,0.7073881711670098,1.0000000000000002,0,C_hard_bugtrap,0
field_hrm,focal,1.1,32,True,24,24,0.7102825003206306,0.7073881711670098,1.0040915713205183,0,C_hard_bugtrap,0
euclid,astar,,24,False,24,24,nan,0.7580093487307533,nan,0,C_hard_bugtrap,1
euclid,focal,1.0,24,False,24,24,nan,0.7580093487307533,nan,0,C_hard_bugtrap,1
euclid,focal,1.1,24,True,18,18,0.76130403360172,0.7580093487307533,1.0043464963545417,0,C_hard_bugtrap,1
euclid,astar,,32,True,25,25,0.7580093487307533,0.7580093487307533,1.0,0,C_hard_bugtrap,1
euclid,focal,1.0,32,True,25,25,0.7580093487307533,0.7580093487307533,1.0,0,C_hard_bugtrap,1
euclid,focal,1.1,32,True,18,18,0.76130403360172,0.7580093487307533,1.0043464963545417,0,C_hard_bugtrap,1
oracle,astar,,24,True,8,8,0.7580093487307533,0.7580093487307533,1.0,0,C_hard_bugtrap,1
oracle,focal,1.0,24,False,24,24,nan,0.7580093487307533,nan,0,C_hard_bugtrap,1
oracle,focal,1.1,24,True,18,18,0.76130403360172,0.7580093487307533,1.0043464963545417,0,C_hard_bugtrap,1
oracle,astar,,32,True,8,8,0.7580093487307533,0.7580093487307533,1.0,0,C_hard_bugtrap,1
oracle,focal,1.0,32,True,25,25,0.7580093487307533,0.7580093487307533,1.0,0,C_hard_bugtrap,1
oracle,focal,1.1,32,True,18,18,0.76130403360172,0.7580093487307533,1.0043464963545417,0,C_hard_bugtrap,1
scalar_hrm,astar,,24,True,21,21,0.7580093487307533,0.7580093487307533,1.0,0,C_hard_bugtrap,1
scalar_hrm,focal,1.0,24,False,24,24,nan,0.7580093487307533,nan,0,C_hard_bugtrap,1
scalar_hrm,focal,1.1,24,True,18,18,0.76130403360172,0.7580093487307533,1.0043464963545417,0,C_hard_bugtrap,1
scalar_hrm,astar,,32,True,21,21,0.7580093487307533,0.7580093487307533,1.0,0,C_hard_bugtrap,1
scalar_hrm,focal,1.0,32,True,25,25,0.7580093487307533,0.7580093487307533,1.0,0,C_hard_bugtrap,1
scalar_hrm,focal,1.1,32,True,18,18,0.76130403360172,0.7580093487307533,1.0043464963545417,0,C_hard_bugtrap,1
scalar_onlstm,astar,,24,True,21,21,0.8167395507487156,0.7580093487307533,1.0774795220089342,0,C_hard_bugtrap,1
scalar_onlstm,focal,1.0,24,False,24,24,nan,0.7580093487307533,nan,0,C_hard_bugtrap,1
scalar_onlstm,focal,1.1,24,True,18,18,0.76130403360172,0.7580093487307533,1.0043464963545417,0,C_hard_bugtrap,1
scalar_onlstm,astar,,32,True,21,21,0.8167395507487156,0.7580093487307533,1.0774795220089342,0,C_hard_bugtrap,1
scalar_onlstm,focal,1.0,32,True,25,25,0.7580093487307533,0.7580093487307533,1.0,0,C_hard_bugtrap,1
scalar_onlstm,focal,1.1,32,True,18,18,0.76130403360172,0.7580093487307533,1.0043464963545417,0,C_hard_bugtrap,1
field_unet,astar,,24,True,21,21,0.8185854100694794,0.7580093487307533,1.0799146625831957,0,C_hard_bugtrap,1
field_unet,focal,1.0,24,False,24,24,nan,0.7580093487307533,nan,0,C_hard_bugtrap,1
field_unet,focal,1.1,24,True,18,18,0.76130403360172,0.7580093487307533,1.0043464963545417,0,C_hard_bugtrap,1
field_unet,astar,,32,True,21,21,0.8185854100694794,0.7580093487307533,1.0799146625831957,0,C_hard_bugtrap,1
field_unet,focal,1.0,32,True,25,25,0.7580093487307533,0.7580093487307533,1.0,0,C_hard_bugtrap,1
field_unet,focal,1.1,32,True,18,18,0.76130403360172,0.7580093487307533,1.0043464963545417,0,C_hard_bugtrap,1
field_onlstm,astar,,24,True,18,18,0.7693553616001199,0.7580093487307533,1.01496817010023,0,C_hard_bugtrap,1
field_onlstm,focal,1.0,24,False,24,24,nan,0.7580093487307533,nan,0,C_hard_bugtrap,1
field_onlstm,focal,1.1,24,True,18,18,0.7668023287129082,0.7580093487307533,1.0116000943746648,0,C_hard_bugtrap,1
field_onlstm,astar,,32,True,18,18,0.7693553616001199,0.7580093487307533,1.01496817010023,0,C_hard_bugtrap,1
field_onlstm,focal,1.0,32,True,25,25,0.7580093487307533,0.7580093487307533,1.0,0,C_hard_bugtrap,1
field_onlstm,focal,1.1,32,True,18,18,0.7668023287129082,0.7580093487307533,1.0116000943746648,0,C_hard_bugtrap,1
field_hrm,astar,,24,True,19,19,0.7693553616001199,0.7580093487307533,1.01496817010023,0,C_hard_bugtrap,1
field_hrm,focal,1.0,24,False,24,24,nan,0.7580093487307533,nan,0,C_hard_bugtrap,1
field_hrm,focal,1.1,24,True,18,18,0.787312375134984,0.7580093487307533,1.0386578693960662,0,C_hard_bugtrap,1
field_hrm,astar,,32,True,19,19,0.7693553616001199,0.7580093487307533,1.01496817010023,0,C_hard_bugtrap,1
field_hrm,focal,1.0,32,True,25,25,0.7580093487307533,0.7580093487307533,1.0,0,C_hard_bugtrap,1
field_hrm,focal,1.1,32,True,18,18,0.787312375134984,0.7580093487307533,1.0386578693960662,0,C_hard_bugtrap,1
euclid,astar,,24,True,11,11,0.5274391032361186,0.5274391032361188,0.9999999999999998,0,C_hard_bugtrap,2
euclid,focal,1.0,24,True,11,11,0.5274391032361186,0.5274391032361188,0.9999999999999998,0,C_hard_bugtrap,2
euclid,focal,1.1,24,True,7,7,0.5362500467670228,0.5274391032361188,1.0167051389948987,0,C_hard_bugtrap,2
euclid,astar,,32,True,11,11,0.5274391032361186,0.5274391032361188,0.9999999999999998,0,C_hard_bugtrap,2
euclid,focal,1.0,32,True,11,11,0.5274391032361186,0.5274391032361188,0.9999999999999998,0,C_hard_bugtrap,2
euclid,focal,1.1,32,True,7,7,0.5362500467670228,0.5274391032361188,1.0167051389948987,0,C_hard_bugtrap,2
oracle,astar,,24,True,6,6,0.5274391032361186,0.5274391032361188,0.9999999999999998,0,C_hard_bugtrap,2
oracle,focal,1.0,24,True,11,11,0.5274391032361186,0.5274391032361188,0.9999999999999998,0,C_hard_bugtrap,2
oracle,focal,1.1,24,True,5,5,0.5362500467670228,0.5274391032361188,1.0167051389948987,0,C_hard_bugtrap,2
oracle,astar,,32,True,6,6,0.5274391032361186,0.5274391032361188,0.9999999999999998,0,C_hard_bugtrap,2
oracle,focal,1.0,32,True,11,11,0.5274391032361186,0.5274391032361188,0.9999999999999998,0,C_hard_bugtrap,2
oracle,focal,1.1,32,True,5,5,0.5362500467670228,0.5274391032361188,1.0167051389948987,0,C_hard_bugtrap,2
scalar_hrm,astar,,24,True,6,6,0.5274391032361186,0.5274391032361188,0.9999999999999998,0,C_hard_bugtrap,2
scalar_hrm,focal,1.0,24,True,11,11,0.5274391032361186,0.5274391032361188,0.9999999999999998,0,C_hard_bugtrap,2
scalar_hrm,focal,1.1,24,True,5,5,0.5362500467670228,0.5274391032361188,1.0167051389948987,0,C_hard_bugtrap,2
scalar_hrm,astar,,32,True,6,6,0.5274391032361186,0.5274391032361188,0.9999999999999998,0,C_hard_bugtrap,2
scalar_hrm,focal,1.0,32,True,11,11,0.5274391032361186,0.5274391032361188,0.9999999999999998,0,C_hard_bugtrap,2
scalar_hrm,focal,1.1,32,True,5,5,0.5362500467670228,0.5274391032361188,1.0167051389948987,0,C_hard_bugtrap,2
scalar_onlstm,astar,,24,True,7,7,0.5274391032361186,0.5274391032361188,0.9999999999999998,0,C_hard_bugtrap,2
scalar_onlstm,focal,1.0,24,True,11,11,0.5274391032361186,0.5274391032361188,0.9999999999999998,0,C_hard_bugtrap,2
scalar_onlstm,focal,1.1,24,True,5,5,0.5362500467670228,0.5274391032361188,1.0167051389948987,0,C_hard_bugtrap,2
scalar_onlstm,astar,,32,True,7,7,0.5274391032361186,0.5274391032361188,0.9999999999999998,0,C_hard_bugtrap,2
scalar_onlstm,focal,1.0,32,True,11,11,0.5274391032361186,0.5274391032361188,0.9999999999999998,0,C_hard_bugtrap,2
scalar_onlstm,focal,1.1,32,True,5,5,0.5362500467670228,0.5274391032361188,1.0167051389948987,0,C_hard_bugtrap,2
field_unet,astar,,24,True,10,10,0.5362500467670228,0.5274391032361188,1.0167051389948987,0,C_hard_bugtrap,2
field_unet,focal,1.0,24,True,11,11,0.5274391032361186,0.5274391032361188,0.9999999999999998,0,C_hard_bugtrap,2
field_unet,focal,1.1,24,True,7,7,0.5362500467670228,0.5274391032361188,1.0167051389948987,0,C_hard_bugtrap,2
field_unet,astar,,32,True,10,10,0.5362500467670228,0.5274391032361188,1.0167051389948987,0,C_hard_bugtrap,2
field_unet,focal,1.0,32,True,11,11,0.5274391032361186,0.5274391032361188,0.9999999999999998,0,C_hard_bugtrap,2
field_unet,focal,1.1,32,True,7,7,0.5362500467670228,0.5274391032361188,1.0167051389948987,0,C_hard_bugtrap,2
field_onlstm,astar,,24,True,7,7,0.5362500467670228,0.5274391032361188,1.0167051389948987,0,C_hard_bugtrap,2
field_onlstm,focal,1.0,24,True,11,11,0.5274391032361186,0.5274391032361188,0.9999999999999998,0,C_hard_bugtrap,2
field_onlstm,focal,1.1,24,True,7,7,0.5362500467670228,0.5274391032361188,1.0167051389948987,0,C_hard_bugtrap,2
field_onlstm,astar,,32,True,7,7,0.5362500467670228,0.5274391032361188,1.0167051389948987,0,C_hard_bugtrap,2
field_onlstm,focal,1.0,32,True,11,11,0.5274391032361186,0.5274391032361188,0.9999999999999998,0,C_hard_bugtrap,2
field_onlstm,focal,1.1,32,True,7,7,0.5362500467670228,0.5274391032361188,1.0167051389948987,0,C_hard_bugtrap,2
field_hrm,astar,,24,True,9,9,0.5362500467670228,0.5274391032361188,1.0167051389948987,0,C_hard_bugtrap,2
field_hrm,focal,1.0,24,True,11,11,0.5274391032361186,0.5274391032361188,0.9999999999999998,0,C_hard_bugtrap,2
field_hrm,focal,1.1,24,True,7,7,0.5362500467670228,0.5274391032361188,1.0167051389948987,0,C_hard_bugtrap,2
field_hrm,astar,,32,True,9,9,0.5362500467670228,0.5274391032361188,1.0167051389948987,0,C_hard_bugtrap,2
field_hrm,focal,1.0,32,True,11,11,0.5274391032361186,0.5274391032361188,0.9999999999999998,0,C_hard_bugtrap,2
field_hrm,focal,1.1,32,True,7,7,0.5362500467670228,0.5274391032361188,1.0167051389948987,0,C_hard_bugtrap,2
euclid,astar,,24,False,24,24,nan,0.7653234065455158,nan,0,C_hard_bugtrap,3
euclid,focal,1.0,24,False,24,24,nan,0.7653234065455158,nan,0,C_hard_bugtrap,3
euclid,focal,1.1,24,False,24,24,nan,0.7653234065455158,nan,0,C_hard_bugtrap,3
euclid,astar,,32,True,30,30,0.7653234065455159,0.7653234065455158,1.0000000000000002,0,C_hard_bugtrap,3
euclid,focal,1.0,32,True,30,30,0.7653234065455159,0.7653234065455158,1.0000000000000002,0,C_hard_bugtrap,3
euclid,focal,1.1,32,True,26,26,0.7905306553764619,0.7653234065455158,1.032936727944498,0,C_hard_bugtrap,3
oracle,astar,,24,True,10,10,0.7653234065455159,0.7653234065455158,1.0000000000000002,0,C_hard_bugtrap,3
oracle,focal,1.0,24,False,24,24,nan,0.7653234065455158,nan,0,C_hard_bugtrap,3
oracle,focal,1.1,24,False,24,24,nan,0.7653234065455158,nan,0,C_hard_bugtrap,3
oracle,astar,,32,True,10,10,0.7653234065455159,0.7653234065455158,1.0000000000000002,0,C_hard_bugtrap,3
oracle,focal,1.0,32,True,30,30,0.7653234065455159,0.7653234065455158,1.0000000000000002,0,C_hard_bugtrap,3
oracle,focal,1.1,32,True,26,26,0.7905306553764619,0.7653234065455158,1.032936727944498,0,C_hard_bugtrap,3
scalar_hrm,astar,,24,False,24,24,nan,0.7653234065455158,nan,0,C_hard_bugtrap,3
scalar_hrm,focal,1.0,24,False,24,24,nan,0.7653234065455158,nan,0,C_hard_bugtrap,3
scalar_hrm,focal,1.1,24,False,24,24,nan,0.7653234065455158,nan,0,C_hard_bugtrap,3
scalar_hrm,astar,,32,True,27,27,0.9083866615162084,0.7653234065455158,1.1869317647247266,0,C_hard_bugtrap,3
scalar_hrm,focal,1.0,32,True,30,30,0.7653234065455159,0.7653234065455158,1.0000000000000002,0,C_hard_bugtrap,3
scalar_hrm,focal,1.1,32,True,27,27,0.7905306553764619,0.7653234065455158,1.032936727944498,0,C_hard_bugtrap,3
scalar_onlstm,astar,,24,False,24,24,nan,0.7653234065455158,nan,0,C_hard_bugtrap,3
scalar_onlstm,focal,1.0,24,False,24,24,nan,0.7653234065455158,nan,0,C_hard_bugtrap,3
scalar_onlstm,focal,1.1,24,False,24,24,nan,0.7653234065455158,nan,0,C_hard_bugtrap,3
scalar_onlstm,astar,,32,False,32,32,nan,0.7653234065455158,nan,0,C_hard_bugtrap,3
scalar_onlstm,focal,1.0,32,True,30,30,0.7653234065455159,0.7653234065455158,1.0000000000000002,0,C_hard_bugtrap,3
scalar_onlstm,focal,1.1,32,True,27,27,0.7905306553764619,0.7653234065455158,1.032936727944498,0,C_hard_bugtrap,3
field_unet,astar,,24,False,24,24,nan,0.7653234065455158,nan,0,C_hard_bugtrap,3
field_unet,focal,1.0,24,False,24,24,nan,0.7653234065455158,nan,0,C_hard_bugtrap,3
field_unet,focal,1.1,24,False,24,24,nan,0.7653234065455158,nan,0,C_hard_bugtrap,3
field_unet,astar,,32,False,32,32,nan,0.7653234065455158,nan,0,C_hard_bugtrap,3
field_unet,focal,1.0,32,True,30,30,0.7653234065455159,0.7653234065455158,1.0000000000000002,0,C_hard_bugtrap,3
field_unet,focal,1.1,32,False,32,32,nan,0.7653234065455158,nan,0,C_hard_bugtrap,3
field_onlstm,astar,,24,False,24,24,nan,0.7653234065455158,nan,0,C_hard_bugtrap,3
field_onlstm,focal,1.0,24,False,24,24,nan,0.7653234065455158,nan,0,C_hard_bugtrap,3
field_onlstm,focal,1.1,24,False,24,24,nan,0.7653234065455158,nan,0,C_hard_bugtrap,3
field_onlstm,astar,,32,True,26,26,0.7653234065455159,0.7653234065455158,1.0000000000000002,0,C_hard_bugtrap,3
field_onlstm,focal,1.0,32,True,30,30,0.7653234065455159,0.7653234065455158,1.0000000000000002,0,C_hard_bugtrap,3
field_onlstm,focal,1.1,32,True,26,26,0.7905306553764619,0.7653234065455158,1.032936727944498,0,C_hard_bugtrap,3
field_hrm,astar,,24,False,24,24,nan,0.7653234065455158,nan,0,C_hard_bugtrap,3
field_hrm,focal,1.0,24,False,24,24,nan,0.7653234065455158,nan,0,C_hard_bugtrap,3
field_hrm,focal,1.1,24,False,24,24,nan,0.7653234065455158,nan,0,C_hard_bugtrap,3
field_hrm,astar,,32,True,27,27,0.7653234065455159,0.7653234065455158,1.0000000000000002,0,C_hard_bugtrap,3
field_hrm,focal,1.0,32,True,30,30,0.7653234065455159,0.7653234065455158,1.0000000000000002,0,C_hard_bugtrap,3
field_hrm,focal,1.1,32,True,26,26,0.7905306553764619,0.7653234065455158,1.032936727944498,0,C_hard_bugtrap,3
euclid,astar,,24,False,24,24,nan,0.7293054736406157,nan,0,C_hard_bugtrap,4
euclid,focal,1.0,24,False,24,24,nan,0.7293054736406157,nan,0,C_hard_bugtrap,4
euclid,focal,1.1,24,False,24,24,nan,0.7293054736406157,nan,0,C_hard_bugtrap,4
euclid,astar,,32,False,32,32,nan,0.7293054736406157,nan,0,C_hard_bugtrap,4
euclid,focal,1.0,32,False,32,32,nan,0.7293054736406157,nan,0,C_hard_bugtrap,4
euclid,focal,1.1,32,True,29,29,0.7456725801059899,0.7293054736406157,1.0224420452840857,0,C_hard_bugtrap,4
oracle,astar,,24,True,9,9,0.7293054736406156,0.7293054736406157,0.9999999999999999,0,C_hard_bugtrap,4
oracle,focal,1.0,24,False,24,24,nan,0.7293054736406157,nan,0,C_hard_bugtrap,4
oracle,focal,1.1,24,False,24,24,nan,0.7293054736406157,nan,0,C_hard_bugtrap,4
oracle,astar,,32,True,9,9,0.7293054736406156,0.7293054736406157,0.9999999999999999,0,C_hard_bugtrap,4
oracle,focal,1.0,32,False,32,32,nan,0.7293054736406157,nan,0,C_hard_bugtrap,4
oracle,focal,1.1,32,True,28,28,0.7456725801059899,0.7293054736406157,1.0224420452840857,0,C_hard_bugtrap,4
scalar_hrm,astar,,24,True,18,18,0.7718530391235157,0.7293054736406157,1.058339841151208,0,C_hard_bugtrap,4
scalar_hrm,focal,1.0,24,False,24,24,nan,0.7293054736406157,nan,0,C_hard_bugtrap,4
scalar_hrm,focal,1.1,24,False,24,24,nan,0.7293054736406157,nan,0,C_hard_bugtrap,4
scalar_hrm,astar,,32,True,18,18,0.7718530391235157,0.7293054736406157,1.058339841151208,0,C_hard_bugtrap,4
scalar_hrm,focal,1.0,32,False,32,32,nan,0.7293054736406157,nan,0,C_hard_bugtrap,4
scalar_hrm,focal,1.1,32,True,27,27,0.7456725801059899,0.7293054736406157,1.0224420452840857,0,C_hard_bugtrap,4
scalar_onlstm,astar,,24,False,24,24,nan,0.7293054736406157,nan,0,C_hard_bugtrap,4
scalar_onlstm,focal,1.0,24,False,24,24,nan,0.7293054736406157,nan,0,C_hard_bugtrap,4
scalar_onlstm,focal,1.1,24,False,24,24,nan,0.7293054736406157,nan,0,C_hard_bugtrap,4
scalar_onlstm,astar,,32,True,25,25,0.7718530391235157,0.7293054736406157,1.058339841151208,0,C_hard_bugtrap,4
scalar_onlstm,focal,1.0,32,False,32,32,nan,0.7293054736406157,nan,0,C_hard_bugtrap,4
scalar_onlstm,focal,1.1,32,True,28,28,0.7456725801059899,0.7293054736406157,1.0224420452840857,0,C_hard_bugtrap,4
field_unet,astar,,24,False,24,24,nan,0.7293054736406157,nan,0,C_hard_bugtrap,4
field_unet,focal,1.0,24,False,24,24,nan,0.7293054736406157,nan,0,C_hard_bugtrap,4
field_unet,focal,1.1,24,False,24,24,nan,0.7293054736406157,nan,0,C_hard_bugtrap,4
field_unet,astar,,32,True,32,32,0.8010470858763596,0.7293054736406157,1.0983697707321698,0,C_hard_bugtrap,4
field_unet,focal,1.0,32,False,32,32,nan,0.7293054736406157,nan,0,C_hard_bugtrap,4
field_unet,focal,1.1,32,True,29,29,0.7456725801059899,0.7293054736406157,1.0224420452840857,0,C_hard_bugtrap,4
field_onlstm,astar,,24,True,23,23,0.7293054736406156,0.7293054736406157,0.9999999999999999,0,C_hard_bugtrap,4
field_onlstm,focal,1.0,24,False,24,24,nan,0.7293054736406157,nan,0,C_hard_bugtrap,4
field_onlstm,focal,1.1,24,False,24,24,nan,0.7293054736406157,nan,0,C_hard_bugtrap,4
field_onlstm,astar,,32,True,23,23,0.7293054736406156,0.7293054736406157,0.9999999999999999,0,C_hard_bugtrap,4
field_onlstm,focal,1.0,32,False,32,32,nan,0.7293054736406157,nan,0,C_hard_bugtrap,4
field_onlstm,focal,1.1,32,True,29,29,0.7456725801059899,0.7293054736406157,1.0224420452840857,0,C_hard_bugtrap,4
field_hrm,astar,,24,True,12,12,0.7456725801059899,0.7293054736406157,1.0224420452840857,0,C_hard_bugtrap,4
field_hrm,focal,1.0,24,False,24,24,nan,0.7293054736406157,nan,0,C_hard_bugtrap,4
field_hrm,focal,1.1,24,False,24,24,nan,0.7293054736406157,nan,0,C_hard_bugtrap,4
field_hrm,astar,,32,True,12,12,0.7456725801059899,0.7293054736406157,1.0224420452840857,0,C_hard_bugtrap,4
field_hrm,focal,1.0,32,False,32,32,nan,0.7293054736406157,nan,0,C_hard_bugtrap,4
field_hrm,focal,1.1,32,True,30,30,0.7456725801059899,0.7293054736406157,1.0224420452840857,0,C_hard_bugtrap,4
euclid,astar,,24,False,24,24,nan,0.7092027085292416,nan,0,C_hard_bugtrap,5
euclid,focal,1.0,24,False,24,24,nan,0.7092027085292416,nan,0,C_hard_bugtrap,5
euclid,focal,1.1,24,True,24,24,0.7100932963734277,0.7092027085292416,1.0012557592257831,0,C_hard_bugtrap,5
euclid,astar,,32,True,27,27,0.7092027085292416,0.7092027085292416,1.0,0,C_hard_bugtrap,5
euclid,focal,1.0,32,True,27,27,0.7092027085292416,0.7092027085292416,1.0,0,C_hard_bugtrap,5
euclid,focal,1.1,32,True,24,24,0.7100932963734277,0.7092027085292416,1.0012557592257831,0,C_hard_bugtrap,5
oracle,astar,,24,True,8,8,0.7092027085292416,0.7092027085292416,1.0,0,C_hard_bugtrap,5
oracle,focal,1.0,24,False,24,24,nan,0.7092027085292416,nan,0,C_hard_bugtrap,5
oracle,focal,1.1,24,True,24,24,0.7100932963734277,0.7092027085292416,1.0012557592257831,0,C_hard_bugtrap,5
oracle,astar,,32,True,8,8,0.7092027085292416,0.7092027085292416,1.0,0,C_hard_bugtrap,5
oracle,focal,1.0,32,True,27,27,0.7092027085292416,0.7092027085292416,1.0,0,C_hard_bugtrap,5
oracle,focal,1.1,32,True,24,24,0.7100932963734277,0.7092027085292416,1.0012557592257831,0,C_hard_bugtrap,5
scalar_hrm,astar,,24,True,12,12,0.7100932963734277,0.7092027085292416,1.0012557592257831,0,C_hard_bugtrap,5
scalar_hrm,focal,1.0,24,False,24,24,nan,0.7092027085292416,nan,0,C_hard_bugtrap,5
scalar_hrm,focal,1.1,24,True,24,24,0.7100932963734277,0.7092027085292416,1.0012557592257831,0,C_hard_bugtrap,5
scalar_hrm,astar,,32,True,12,12,0.7100932963734277,0.7092027085292416,1.0012557592257831,0,C_hard_bugtrap,5
scalar_hrm,focal,1.0,32,True,27,27,0.7092027085292416,0.7092027085292416,1.0,0,C_hard_bugtrap,5
scalar_hrm,focal,1.1,32,True,24,24,0.7100932963734277,0.7092027085292416,1.0012557592257831,0,C_hard_bugtrap,5
scalar_onlstm,astar,,24,True,13,13,0.7100932963734277,0.7092027085292416,1.0012557592257831,0,C_hard_bugtrap,5
scalar_onlstm,focal,1.0,24,False,24,24,nan,0.7092027085292416,nan,0,C_hard_bugtrap,5
scalar_onlstm,focal,1.1,24,True,22,22,0.7100932963734277,0.7092027085292416,1.0012557592257831,0,C_hard_bugtrap,5
scalar_onlstm,astar,,32,True,13,13,0.7100932963734277,0.7092027085292416,1.0012557592257831,0,C_hard_bugtrap,5
scalar_onlstm,focal,1.0,32,True,27,27,0.7092027085292416,0.7092027085292416,1.0,0,C_hard_bugtrap,5
scalar_onlstm,focal,1.1,32,True,22,22,0.7100932963734277,0.7092027085292416,1.0012557592257831,0,C_hard_bugtrap,5
field_unet,astar,,24,True,24,24,0.7100932963734277,0.7092027085292416,1.0012557592257831,0,C_hard_bugtrap,5
field_unet,focal,1.0,24,False,24,24,nan,0.7092027085292416,nan,0,C_hard_bugtrap,5
field_unet,focal,1.1,24,False,24,24,nan,0.7092027085292416,nan,0,C_hard_bugtrap,5
field_unet,astar,,32,True,24,24,0.7100932963734277,0.7092027085292416,1.0012557592257831,0,C_hard_bugtrap,5
field_unet,focal,1.0,32,True,27,27,0.7092027085292416,0.7092027085292416,1.0,0,C_hard_bugtrap,5
field_unet,focal,1.1,32,True,27,27,0.7599670833199501,0.7092027085292416,1.0715794993168943,0,C_hard_bugtrap,5
field_onlstm,astar,,24,True,10,10,0.7100932963734277,0.7092027085292416,1.0012557592257831,0,C_hard_bugtrap,5
field_onlstm,focal,1.0,24,False,24,24,nan,0.7092027085292416,nan,0,C_hard_bugtrap,5
field_onlstm,focal,1.1,24,True,17,17,0.7100932963734277,0.7092027085292416,1.0012557592257831,0,C_hard_bugtrap,5
field_onlstm,astar,,32,True,10,10,0.7100932963734277,0.7092027085292416,1.0012557592257831,0,C_hard_bugtrap,5
field_onlstm,focal,1.0,32,True,27,27,0.7092027085292416,0.7092027085292416,1.0,0,C_hard_bugtrap,5
field_onlstm,focal,1.1,32,True,17,17,0.7100932963734277,0.7092027085292416,1.0012557592257831,0,C_hard_bugtrap,5
field_hrm,astar,,24,True,10,10,0.7100932963734277,0.7092027085292416,1.0012557592257831,0,C_hard_bugtrap,5
field_hrm,focal,1.0,24,False,24,24,nan,0.7092027085292416,nan,0,C_hard_bugtrap,5
field_hrm,focal,1.1,24,True,19,19,0.7100932963734277,0.7092027085292416,1.0012557592257831,0,C_hard_bugtrap,5
field_hrm,astar,,32,True,10,10,0.7100932963734277,0.7092027085292416,1.0012557592257831,0,C_hard_bugtrap,5
field_hrm,focal,1.0,32,True,27,27,0.7092027085292416,0.7092027085292416,1.0,0,C_hard_bugtrap,5
field_hrm,focal,1.1,32,True,19,19,0.7100932963734277,0.7092027085292416,1.0012557592257831,0,C_hard_bugtrap,5
euclid,astar,,24,True,15,15,0.6200621616086459,0.6200621616086459,1.0,0,C_hard_bugtrap,6
euclid,focal,1.0,24,True,15,15,0.6200621616086459,0.6200621616086459,1.0,0,C_hard_bugtrap,6
euclid,focal,1.1,24,True,12,12,0.6368792576792868,0.6200621616086459,1.0271216292686072,0,C_hard_bugtrap,6
euclid,astar,,32,True,15,15,0.6200621616086459,0.6200621616086459,1.0,0,C_hard_bugtrap,6
euclid,focal,1.0,32,True,15,15,0.6200621616086459,0.6200621616086459,1.0,0,C_hard_bugtrap,6
euclid,focal,1.1,32,True,12,12,0.6368792576792868,0.6200621616086459,1.0271216292686072,0,C_hard_bugtrap,6
oracle,astar,,24,True,7,7,0.6200621616086459,0.6200621616086459,1.0,0,C_hard_bugtrap,6
oracle,focal,1.0,24,True,15,15,0.6200621616086459,0.6200621616086459,1.0,0,C_hard_bugtrap,6
oracle,focal,1.1,24,True,12,12,0.6368792576792868,0.6200621616086459,1.0271216292686072,0,C_hard_bugtrap,6
oracle,astar,,32,True,7,7,0.6200621616086459,0.6200621616086459,1.0,0,C_hard_bugtrap,6
oracle,focal,1.0,32,True,15,15,0.6200621616086459,0.6200621616086459,1.0,0,C_hard_bugtrap,6
oracle,focal,1.1,32,True,12,12,0.6368792576792868,0.6200621616086459,1.0271216292686072,0,C_hard_bugtrap,6
scalar_hrm,astar,,24,True,10,10,0.6200621616086459,0.6200621616086459,1.0,0,C_hard_bugtrap,6
scalar_hrm,focal,1.0,24,True,15,15,0.6200621616086459,0.6200621616086459,1.0,0,C_hard_bugtrap,6
scalar_hrm,focal,1.1,24,True,12,12,0.6368792576792868,0.6200621616086459,1.0271216292686072,0,C_hard_bugtrap,6
scalar_hrm,astar,,32,True,10,10,0.6200621616086459,0.6200621616086459,1.0,0,C_hard_bugtrap,6
scalar_hrm,focal,1.0,32,True,15,15,0.6200621616086459,0.6200621616086459,1.0,0,C_hard_bugtrap,6
scalar_hrm,focal,1.1,32,True,12,12,0.6368792576792868,0.6200621616086459,1.0271216292686072,0,C_hard_bugtrap,6
scalar_onlstm,astar,,24,True,7,7,0.6200621616086459,0.6200621616086459,1.0,0,C_hard_bugtrap,6
scalar_onlstm,focal,1.0,24,True,15,15,0.6200621616086459,0.6200621616086459,1.0,0,C_hard_bugtrap,6
scalar_onlstm,focal,1.1,24,True,12,12,0.6368792576792868,0.6200621616086459,1.0271216292686072,0,C_hard_bugtrap,6
scalar_onlstm,astar,,32,True,7,7,0.6200621616086459,0.6200621616086459,1.0,0,C_hard_bugtrap,6
scalar_onlstm,focal,1.0,32,True,15,15,0.6200621616086459,0.6200621616086459,1.0,0,C_hard_bugtrap,6
scalar_onlstm,focal,1.1,32,True,12,12,0.6368792576792868,0.6200621616086459,1.0271216292686072,0,C_hard_bugtrap,6
field_unet,astar,,24,True,14,14,0.7706601920429443,0.6200621616086459,1.2428756982099947,0,C_hard_bugtrap,6
field_unet,focal,1.0,24,True,15,15,0.6200621616086459,0.6200621616086459,1.0,0,C_hard_bugtrap,6
field_unet,focal,1.1,24,True,15,15,0.6440845587593469,0.6200621616086459,1.038741917565779,0,C_hard_bugtrap,6
field_unet,astar,,32,True,14,14,0.7706601920429443,0.6200621616086459,1.2428756982099947,0,C_hard_bugtrap,6
field_unet,focal,1.0,32,True,15,15,0.6200621616086459,0.6200621616086459,1.0,0,C_hard_bugtrap,6
field_unet,focal,1.1,32,True,15,15,0.6440845587593469,0.6200621616086459,1.038741917565779,0,C_hard_bugtrap,6
field_onlstm,astar,,24,True,10,10,0.6368792576792868,0.6200621616086459,1.0271216292686072,0,C_hard_bugtrap,6
field_onlstm,focal,1.0,24,True,15,15,0.6200621616086459,0.6200621616086459,1.0,0,C_hard_bugtrap,6
field_onlstm,focal,1.1,24,True,12,12,0.6368792576792868,0.6200621616086459,1.0271216292686072,0,C_hard_bugtrap,6
field_onlstm,astar,,32,True,10,10,0.6368792576792868,0.6200621616086459,1.0271216292686072,0,C_hard_bugtrap,6
field_onlstm,focal,1.0,32,True,15,15,0.6200621616086459,0.6200621616086459,1.0,0,C_hard_bugtrap,6
field_onlstm,focal,1.1,32,True,12,12,0.6368792576792868,0.6200621616086459,1.0271216292686072,0,C_hard_bugtrap,6
field_hrm,astar,,24,True,12,12,0.6368792576792868,0.6200621616086459,1.0271216292686072,0,C_hard_bugtrap,6
field_hrm,focal,1.0,24,True,15,15,0.6200621616086459,0.6200621616086459,1.0,0,C_hard_bugtrap,6
field_hrm,focal,1.1,24,True,12,12,0.6368792576792868,0.6200621616086459,1.0271216292686072,0,C_hard_bugtrap,6
field_hrm,astar,,32,True,12,12,0.6368792576792868,0.6200621616086459,1.0271216292686072,0,C_hard_bugtrap,6
field_hrm,focal,1.0,32,True,15,15,0.6200621616086459,0.6200621616086459,1.0,0,C_hard_bugtrap,6
field_hrm,focal,1.1,32,True,12,12,0.6368792576792868,0.6200621616086459,1.0271216292686072,0,C_hard_bugtrap,6
euclid,astar,,24,False,24,24,nan,0.8151855261060521,nan,0,C_hard_bugtrap,7
euclid,focal,1.0,24,False,24,24,nan,0.8151855261060521,nan,0,C_hard_bugtrap,7
euclid,focal,1.1,24,False,24,24,nan,0.8151855261060521,nan,0,C_hard_bugtrap,7
euclid,astar,,32,False,32,32,nan,0.8151855261060521,nan,0,C_hard_bugtrap,7
euclid,focal,1.0,32,False,32,32,nan,0.8151855261060521,nan,0,C_hard_bugtrap,7
euclid,focal,1.1,32,False,32,32,nan,0.8151855261060521,nan,0,C_hard_bugtrap,7
oracle,astar,,24,True,8,8,0.8151855261060521,0.8151855261060521,1.0,0,C_hard_bugtrap,7
oracle,focal,1.0,24,False,24,24,nan,0.8151855261060521,nan,0,C_hard_bugtrap,7
oracle,focal,1.1,24,False,24,24,nan,0.8151855261060521,nan,0,C_hard_bugtrap,7
oracle,astar,,32,True,8,8,0.8151855261060521,0.8151855261060521,1.0,0,C_hard_bugtrap,7
oracle,focal,1.0,32,False,32,32,nan,0.8151855261060521,nan,0,C_hard_bugtrap,7
oracle,focal,1.1,32,True,29,29,0.8151855261060521,0.8151855261060521,1.0,0,C_hard_bugtrap,7
scalar_hrm,astar,,24,True,15,15,0.9030743067985416,0.8151855261060521,1.1078144518982243,0,C_hard_bugtrap,7
scalar_hrm,focal,1.0,24,False,24,24,nan,0.8151855261060521,nan,0,C_hard_bugtrap,7
scalar_hrm,focal,1.1,24,False,24,24,nan,0.8151855261060521,nan,0,C_hard_bugtrap,7
scalar_hrm,astar,,32,True,15,15,0.9030743067985416,0.8151855261060521,1.1078144518982243,0,C_hard_bugtrap,7
scalar_hrm,focal,1.0,32,False,32,32,nan,0.8151855261060521,nan,0,C_hard_bugtrap,7
scalar_hrm,focal,1.1,32,False,32,32,nan,0.8151855261060521,nan,0,C_hard_bugtrap,7
scalar_onlstm,astar,,24,True,21,21,0.898156988616619,0.8151855261060521,1.1017823058106808,0,C_hard_bugtrap,7
scalar_onlstm,focal,1.0,24,False,24,24,nan,0.8151855261060521,nan,0,C_hard_bugtrap,7
scalar_onlstm,focal,1.1,24,False,24,24,nan,0.8151855261060521,nan,0,C_hard_bugtrap,7
scalar_onlstm,astar,,32,True,21,21,0.898156988616619,0.8151855261060521,1.1017823058106808,0,C_hard_bugtrap,7
scalar_onlstm,focal,1.0,32,False,32,32,nan,0.8151855261060521,nan,0,C_hard_bugtrap,7
scalar_onlstm,focal,1.1,32,True,32,32,0.8318581203368435,0.8151855261060521,1.0204525150371995,0,C_hard_bugtrap,7
field_unet,astar,,24,False,24,24,nan,0.8151855261060521,nan,0,C_hard_bugtrap,7
field_unet,focal,1.0,24,False,24,24,nan,0.8151855261060521,nan,0,C_hard_bugtrap,7
field_unet,focal,1.1,24,False,24,24,nan,0.8151855261060521,nan,0,C_hard_bugtrap,7
field_unet,astar,,32,True,27,27,0.8912426593898714,0.8151855261060521,1.0933003970852206,0,C_hard_bugtrap,7
field_unet,focal,1.0,32,False,32,32,nan,0.8151855261060521,nan,0,C_hard_bugtrap,7
field_unet,focal,1.1,32,False,32,32,nan,0.8151855261060521,nan,0,C_hard_bugtrap,7
field_onlstm,astar,,24,True,17,17,0.8458682959531384,0.8151855261060521,1.037639002244864,0,C_hard_bugtrap,7
field_onlstm,focal,1.0,24,False,24,24,nan,0.8151855261060521,nan,0,C_hard_bugtrap,7
field_onlstm,focal,1.1,24,False,24,24,nan,0.8151855261060521,nan,0,C_hard_bugtrap,7
field_onlstm,astar,,32,True,17,17,0.8458682959531384,0.8151855261060521,1.037639002244864,0,C_hard_bugtrap,7
field_onlstm,focal,1.0,32,False,32,32,nan,0.8151855261060521,nan,0,C_hard_bugtrap,7
field_onlstm,focal,1.1,32,True,29,29,0.8151855261060521,0.8151855261060521,1.0,0,C_hard_bugtrap,7
field_hrm,astar,,24,True,20,20,0.8863253412079486,0.8151855261060521,1.0872682509976772,0,C_hard_bugtrap,7
field_hrm,focal,1.0,24,False,24,24,nan,0.8151855261060521,nan,0,C_hard_bugtrap,7
field_hrm,focal,1.1,24,False,24,24,nan,0.8151855261060521,nan,0,C_hard_bugtrap,7
field_hrm,astar,,32,True,20,20,0.8863253412079486,0.8151855261060521,1.0872682509976772,0,C_hard_bugtrap,7
field_hrm,focal,1.0,32,False,32,32,nan,0.8151855261060521,nan,0,C_hard_bugtrap,7
field_hrm,focal,1.1,32,False,32,32,nan,0.8151855261060521,nan,0,C_hard_bugtrap,7
euclid,astar,,24,True,19,19,0.6313875247959851,0.6313875247959851,1.0,0,C_hard_bugtrap,8
euclid,focal,1.0,24,True,19,19,0.6313875247959851,0.6313875247959851,1.0,0,C_hard_bugtrap,8
euclid,focal,1.1,24,True,17,17,0.6344100893883998,0.6313875247959851,1.004787178196768,0,C_hard_bugtrap,8
euclid,astar,,32,True,19,19,0.6313875247959851,0.6313875247959851,1.0,0,C_hard_bugtrap,8
euclid,focal,1.0,32,True,19,19,0.6313875247959851,0.6313875247959851,1.0,0,C_hard_bugtrap,8
euclid,focal,1.1,32,True,17,17,0.6344100893883998,0.6313875247959851,1.004787178196768,0,C_hard_bugtrap,8
oracle,astar,,24,True,7,7,0.6313875247959851,0.6313875247959851,1.0,0,C_hard_bugtrap,8
oracle,focal,1.0,24,True,19,19,0.6313875247959851,0.6313875247959851,1.0,0,C_hard_bugtrap,8
oracle,focal,1.1,24,True,16,16,0.6344100893883998,0.6313875247959851,1.004787178196768,0,C_hard_bugtrap,8
oracle,astar,,32,True,7,7,0.6313875247959851,0.6313875247959851,1.0,0,C_hard_bugtrap,8
oracle,focal,1.0,32,True,19,19,0.6313875247959851,0.6313875247959851,1.0,0,C_hard_bugtrap,8
oracle,focal,1.1,32,True,16,16,0.6344100893883998,0.6313875247959851,1.004787178196768,0,C_hard_bugtrap,8
scalar_hrm,astar,,24,True,7,7,0.6313875247959851,0.6313875247959851,1.0,0,C_hard_bugtrap,8
scalar_hrm,focal,1.0,24,True,19,19,0.6313875247959851,0.6313875247959851,1.0,0,C_hard_bugtrap,8
scalar_hrm,focal,1.1,24,True,17,17,0.6344100893883998,0.6313875247959851,1.004787178196768,0,C_hard_bugtrap,8
scalar_hrm,astar,,32,True,7,7,0.6313875247959851,0.6313875247959851,1.0,0,C_hard_bugtrap,8
scalar_hrm,focal,1.0,32,True,19,19,0.6313875247959851,0.6313875247959851,1.0,0,C_hard_bugtrap,8
scalar_hrm,focal,1.1,32,True,17,17,0.6344100893883998,0.6313875247959851,1.004787178196768,0,C_hard_bugtrap,8
scalar_onlstm,astar,,24,True,7,7,0.6313875247959851,0.6313875247959851,1.0,0,C_hard_bugtrap,8
scalar_onlstm,focal,1.0,24,True,19,19,0.6313875247959851,0.6313875247959851,1.0,0,C_hard_bugtrap,8
scalar_onlstm,focal,1.1,24,True,16,16,0.6344100893883998,0.6313875247959851,1.004787178196768,0,C_hard_bugtrap,8
scalar_onlstm,astar,,32,True,7,7,0.6313875247959851,0.6313875247959851,1.0,0,C_hard_bugtrap,8
scalar_onlstm,focal,1.0,32,True,19,19,0.6313875247959851,0.6313875247959851,1.0,0,C_hard_bugtrap,8
scalar_onlstm,focal,1.1,32,True,16,16,0.6344100893883998,0.6313875247959851,1.004787178196768,0,C_hard_bugtrap,8
field_unet,astar,,24,True,21,21,0.6313875247959851,0.6313875247959851,1.0,0,C_hard_bugtrap,8
field_unet,focal,1.0,24,True,19,19,0.6313875247959851,0.6313875247959851,1.0,0,C_hard_bugtrap,8
field_unet,focal,1.1,24,True,18,18,0.6344100893883998,0.6313875247959851,1.004787178196768,0,C_hard_bugtrap,8
field_unet,astar,,32,True,21,21,0.6313875247959851,0.6313875247959851,1.0,0,C_hard_bugtrap,8
field_unet,focal,1.0,32,True,19,19,0.6313875247959851,0.6313875247959851,1.0,0,C_hard_bugtrap,8
field_unet,focal,1.1,32,True,18,18,0.6344100893883998,0.6313875247959851,1.004787178196768,0,C_hard_bugtrap,8
field_onlstm,astar,,24,True,17,17,0.6344100893883998,0.6313875247959851,1.004787178196768,0,C_hard_bugtrap,8
field_onlstm,focal,1.0,24,True,19,19,0.6313875247959851,0.6313875247959851,1.0,0,C_hard_bugtrap,8
field_onlstm,focal,1.1,24,True,17,17,0.6344100893883998,0.6313875247959851,1.004787178196768,0,C_hard_bugtrap,8
field_onlstm,astar,,32,True,17,17,0.6344100893883998,0.6313875247959851,1.004787178196768,0,C_hard_bugtrap,8
field_onlstm,focal,1.0,32,True,19,19,0.6313875247959851,0.6313875247959851,1.0,0,C_hard_bugtrap,8
field_onlstm,focal,1.1,32,True,17,17,0.6344100893883998,0.6313875247959851,1.004787178196768,0,C_hard_bugtrap,8
field_hrm,astar,,24,True,19,19,0.6344100893883998,0.6313875247959851,1.004787178196768,0,C_hard_bugtrap,8
field_hrm,focal,1.0,24,True,19,19,0.6313875247959851,0.6313875247959851,1.0,0,C_hard_bugtrap,8
field_hrm,focal,1.1,24,True,17,17,0.6344100893883998,0.6313875247959851,1.004787178196768,0,C_hard_bugtrap,8
field_hrm,astar,,32,True,19,19,0.6344100893883998,0.6313875247959851,1.004787178196768,0,C_hard_bugtrap,8
field_hrm,focal,1.0,32,True,19,19,0.6313875247959851,0.6313875247959851,1.0,0,C_hard_bugtrap,8
field_hrm,focal,1.1,32,True,17,17,0.6344100893883998,0.6313875247959851,1.004787178196768,0,C_hard_bugtrap,8
euclid,astar,,24,False,24,24,nan,0.9466726594176248,nan,0,C_hard_bugtrap,9
euclid,focal,1.0,24,False,24,24,nan,0.9466726594176248,nan,0,C_hard_bugtrap,9
euclid,focal,1.1,24,False,24,24,nan,0.9466726594176248,nan,0,C_hard_bugtrap,9
euclid,astar,,32,False,32,32,nan,0.9466726594176248,nan,0,C_hard_bugtrap,9
euclid,focal,1.0,32,False,32,32,nan,0.9466726594176248,nan,0,C_hard_bugtrap,9
euclid,focal,1.1,32,True,28,28,0.9514640099827123,0.9466726594176248,1.0050612537685784,0,C_hard_bugtrap,9
oracle,astar,,24,True,10,10,0.9466726594176248,0.9466726594176248,1.0,0,C_hard_bugtrap,9
oracle,focal,1.0,24,False,24,24,nan,0.9466726594176248,nan,0,C_hard_bugtrap,9
oracle,focal,1.1,24,False,24,24,nan,0.9466726594176248,nan,0,C_hard_bugtrap,9
oracle,astar,,32,True,10,10,0.9466726594176248,0.9466726594176248,1.0,0,C_hard_bugtrap,9
oracle,focal,1.0,32,False,32,32,nan,0.9466726594176248,nan,0,C_hard_bugtrap,9
oracle,focal,1.1,32,True,28,28,0.9514640099827123,0.9466726594176248,1.0050612537685784,0,C_hard_bugtrap,9
scalar_hrm,astar,,24,False,24,24,nan,0.9466726594176248,nan,0,C_hard_bugtrap,9
scalar_hrm,focal,1.0,24,False,24,24,nan,0.9466726594176248,nan,0,C_hard_bugtrap,9
scalar_hrm,focal,1.1,24,False,24,24,nan,0.9466726594176248,nan,0,C_hard_bugtrap,9
scalar_hrm,astar,,32,False,32,32,nan,0.9466726594176248,nan,0,C_hard_bugtrap,9
scalar_hrm,focal,1.0,32,False,32,32,nan,0.9466726594176248,nan,0,C_hard_bugtrap,9
scalar_hrm,focal,1.1,32,True,28,28,0.9514640099827123,0.9466726594176248,1.0050612537685784,0,C_hard_bugtrap,9
scalar_onlstm,astar,,24,False,24,24,nan,0.9466726594176248,nan,0,C_hard_bugtrap,9
scalar_onlstm,focal,1.0,24,False,24,24,nan,0.9466726594176248,nan,0,C_hard_bugtrap,9
scalar_onlstm,focal,1.1,24,False,24,24,nan,0.9466726594176248,nan,0,C_hard_bugtrap,9
scalar_onlstm,astar,,32,False,32,32,nan,0.9466726594176248,nan,0,C_hard_bugtrap,9
scalar_onlstm,focal,1.0,32,False,32,32,nan,0.9466726594176248,nan,0,C_hard_bugtrap,9
scalar_onlstm,focal,1.1,32,True,28,28,0.9514640099827123,0.9466726594176248,1.0050612537685784,0,C_hard_bugtrap,9
field_unet,astar,,24,False,24,24,nan,0.9466726594176248,nan,0,C_hard_bugtrap,9
field_unet,focal,1.0,24,False,24,24,nan,0.9466726594176248,nan,0,C_hard_bugtrap,9
field_unet,focal,1.1,24,False,24,24,nan,0.9466726594176248,nan,0,C_hard_bugtrap,9
field_unet,astar,,32,False,32,32,nan,0.9466726594176248,nan,0,C_hard_bugtrap,9
field_unet,focal,1.0,32,False,32,32,nan,0.9466726594176248,nan,0,C_hard_bugtrap,9
field_unet,focal,1.1,32,True,29,29,0.9809333505352221,0.9466726594176248,1.0361906417986908,0,C_hard_bugtrap,9
field_onlstm,astar,,24,False,24,24,nan,0.9466726594176248,nan,0,C_hard_bugtrap,9
field_onlstm,focal,1.0,24,False,24,24,nan,0.9466726594176248,nan,0,C_hard_bugtrap,9
field_onlstm,focal,1.1,24,False,24,24,nan,0.9466726594176248,nan,0,C_hard_bugtrap,9
field_onlstm,astar,,32,False,32,32,nan,0.9466726594176248,nan,0,C_hard_bugtrap,9
field_onlstm,focal,1.0,32,False,32,32,nan,0.9466726594176248,nan,0,C_hard_bugtrap,9
field_onlstm,focal,1.1,32,True,29,29,0.9809333505352221,0.9466726594176248,1.0361906417986908,0,C_hard_bugtrap,9
field_hrm,astar,,24,False,24,24,nan,0.9466726594176248,nan,0,C_hard_bugtrap,9
field_hrm,focal,1.0,24,False,24,24,nan,0.9466726594176248,nan,0,C_hard_bugtrap,9
field_hrm,focal,1.1,24,False,24,24,nan,0.9466726594176248,nan,0,C_hard_bugtrap,9
field_hrm,astar,,32,False,32,32,nan,0.9466726594176248,nan,0,C_hard_bugtrap,9
field_hrm,focal,1.0,32,False,32,32,nan,0.9466726594176248,nan,0,C_hard_bugtrap,9
field_hrm,focal,1.1,32,True,29,29,0.9814128870955813,0.9466726594176248,1.0366971912966494,0,C_hard_bugtrap,9
euclid,astar,,24,False,24,24,nan,0.7405189574909046,nan,0,C_hard_bugtrap,10
euclid,focal,1.0,24,False,24,24,nan,0.7405189574909046,nan,0,C_hard_bugtrap,10
euclid,focal,1.1,24,False,24,24,nan,0.7405189574909046,nan,0,C_hard_bugtrap,10
euclid,astar,,32,False,32,32,nan,0.7405189574909046,nan,0,C_hard_bugtrap,10
euclid,focal,1.0,32,False,32,32,nan,0.7405189574909046,nan,0,C_hard_bugtrap,10
euclid,focal,1.1,32,False,32,32,nan,0.7405189574909046,nan,0,C_hard_bugtrap,10
oracle,astar,,24,True,9,9,0.7405189574909046,0.7405189574909046,1.0,0,C_hard_bugtrap,10
oracle,focal,1.0,24,False,24,24,nan,0.7405189574909046,nan,0,C_hard_bugtrap,10
oracle,focal,1.1,24,False,24,24,nan,0.7405189574909046,nan,0,C_hard_bugtrap,10
oracle,astar,,32,True,9,9,0.7405189574909046,0.7405189574909046,1.0,0,C_hard_bugtrap,10
oracle,focal,1.0,32,False,32,32,nan,0.7405189574909046,nan,0,C_hard_bugtrap,10
oracle,focal,1.1,32,False,32,32,nan,0.7405189574909046,nan,0,C_hard_bugtrap,10
scalar_hrm,astar,,24,True,18,18,0.7405189574909046,0.7405189574909046,1.0,0,C_hard_bugtrap,10
scalar_hrm,focal,1.0,24,False,24,24,nan,0.7405189574909046,nan,0,C_hard_bugtrap,10
scalar_hrm,focal,1.1,24,False,24,24,nan,0.7405189574909046,nan,0,C_hard_bugtrap,10
scalar_hrm,astar,,32,True,18,18,0.7405189574909046,0.7405189574909046,1.0,0,C_hard_bugtrap,10
scalar_hrm,focal,1.0,32,False,32,32,nan,0.7405189574909046,nan,0,C_hard_bugtrap,10
scalar_hrm,focal,1.1,32,False,32,32,nan,0.7405189574909046,nan,0,C_hard_bugtrap,10
scalar_onlstm,astar,,24,True,13,13,0.9153505463765313,0.7405189574909046,1.2360933330836086,0,C_hard_bugtrap,10
scalar_onlstm,focal,1.0,24,False,24,24,nan,0.7405189574909046,nan,0,C_hard_bugtrap,10
scalar_onlstm,focal,1.1,24,False,24,24,nan,0.7405189574909046,nan,0,C_hard_bugtrap,10
scalar_onlstm,astar,,32,True,13,13,0.9153505463765313,0.7405189574909046,1.2360933330836086,0,C_hard_bugtrap,10
scalar_onlstm,focal,1.0,32,False,32,32,nan,0.7405189574909046,nan,0,C_hard_bugtrap,10
scalar_onlstm,focal,1.1,32,False,32,32,nan,0.7405189574909046,nan,0,C_hard_bugtrap,10
field_unet,astar,,24,False,24,24,nan,0.7405189574909046,nan,0,C_hard_bugtrap,10
field_unet,focal,1.0,24,False,24,24,nan,0.7405189574909046,nan,0,C_hard_bugtrap,10
field_unet,focal,1.1,24,False,24,24,nan,0.7405189574909046,nan,0,C_hard_bugtrap,10
field_unet,astar,,32,True,31,31,0.7955385874378325,0.7405189574909046,1.0742987460217772,0,C_hard_bugtrap,10
field_unet,focal,1.0,32,False,32,32,nan,0.7405189574909046,nan,0,C_hard_bugtrap,10
field_unet,focal,1.1,32,False,32,32,nan,0.7405189574909046,nan,0,C_hard_bugtrap,10
field_onlstm,astar,,24,True,23,23,0.7405189574909046,0.7405189574909046,1.0,0,C_hard_bugtrap,10
field_onlstm,focal,1.0,24,False,24,24,nan,0.7405189574909046,nan,0,C_hard_bugtrap,10
field_onlstm,focal,1.1,24,False,24,24,nan,0.7405189574909046,nan,0,C_hard_bugtrap,10
field_onlstm,astar,,32,True,23,23,0.7405189574909046,0.7405189574909046,1.0,0,C_hard_bugtrap,10
field_onlstm,focal,1.0,32,False,32,32,nan,0.7405189574909046,nan,0,C_hard_bugtrap,10
field_onlstm,focal,1.1,32,False,32,32,nan,0.7405189574909046,nan,0,C_hard_bugtrap,10
field_hrm,astar,,24,True,19,19,0.7727565880046616,0.7405189574909046,1.043533835545531,0,C_hard_bugtrap,10
field_hrm,focal,1.0,24,False,24,24,nan,0.7405189574909046,nan,0,C_hard_bugtrap,10
field_hrm,focal,1.1,24,False,24,24,nan,0.7405189574909046,nan,0,C_hard_bugtrap,10
field_hrm,astar,,32,True,19,19,0.7727565880046616,0.7405189574909046,1.043533835545531,0,C_hard_bugtrap,10
field_hrm,focal,1.0,32,False,32,32,nan,0.7405189574909046,nan,0,C_hard_bugtrap,10
field_hrm,focal,1.1,32,False,32,32,nan,0.7405189574909046,nan,0,C_hard_bugtrap,10
euclid,astar,,24,False,24,24,nan,0.8268746939832938,nan,0,C_hard_bugtrap,11
euclid,focal,1.0,24,False,24,24,nan,0.8268746939832938,nan,0,C_hard_bugtrap,11
euclid,focal,1.1,24,False,24,24,nan,0.8268746939832938,nan,0,C_hard_bugtrap,11
euclid,astar,,32,True,31,31,0.8268746939832938,0.8268746939832938,1.0,0,C_hard_bugtrap,11
euclid,focal,1.0,32,True,31,31,0.8268746939832938,0.8268746939832938,1.0,0,C_hard_bugtrap,11
euclid,focal,1.1,32,True,29,29,0.8343266216852963,0.8268746939832938,1.0090121607980338,0,C_hard_bugtrap,11
oracle,astar,,24,True,10,10,0.8268746939832938,0.8268746939832938,1.0,0,C_hard_bugtrap,11
oracle,focal,1.0,24,False,24,24,nan,0.8268746939832938,nan,0,C_hard_bugtrap,11
oracle,focal,1.1,24,False,24,24,nan,0.8268746939832938,nan,0,C_hard_bugtrap,11
oracle,astar,,32,True,10,10,0.8268746939832938,0.8268746939832938,1.0,0,C_hard_bugtrap,11
oracle,focal,1.0,32,True,31,31,0.8268746939832938,0.8268746939832938,1.0,0,C_hard_bugtrap,11
oracle,focal,1.1,32,True,28,28,0.8343266216852963,0.8268746939832938,1.0090121607980338,0,C_hard_bugtrap,11
scalar_hrm,astar,,24,False,24,24,nan,0.8268746939832938,nan,0,C_hard_bugtrap,11
scalar_hrm,focal,1.0,24,False,24,24,nan,0.8268746939832938,nan,0,C_hard_bugtrap,11
scalar_hrm,focal,1.1,24,False,24,24,nan,0.8268746939832938,nan,0,C_hard_bugtrap,11
scalar_hrm,astar,,32,False,32,32,nan,0.8268746939832938,nan,0,C_hard_bugtrap,11
scalar_hrm,focal,1.0,32,True,31,31,0.8268746939832938,0.8268746939832938,1.0,0,C_hard_bugtrap,11
scalar_hrm,focal,1.1,32,True,29,29,0.8343266216852963,0.8268746939832938,1.0090121607980338,0,C_hard_bugtrap,11
scalar_onlstm,astar,,24,False,24,24,nan,0.8268746939832938,nan,0,C_hard_bugtrap,11
scalar_onlstm,focal,1.0,24,False,24,24,nan,0.8268746939832938,nan,0,C_hard_bugtrap,11
scalar_onlstm,focal,1.1,24,False,24,24,nan,0.8268746939832938,nan,0,C_hard_bugtrap,11
scalar_onlstm,astar,,32,False,32,32,nan,0.8268746939832938,nan,0,C_hard_bugtrap,11
scalar_onlstm,focal,1.0,32,True,31,31,0.8268746939832938,0.8268746939832938,1.0,0,C_hard_bugtrap,11
scalar_onlstm,focal,1.1,32,True,29,29,0.8343266216852963,0.8268746939832938,1.0090121607980338,0,C_hard_bugtrap,11
field_unet,astar,,24,False,24,24,nan,0.8268746939832938,nan,0,C_hard_bugtrap,11
field_unet,focal,1.0,24,False,24,24,nan,0.8268746939832938,nan,0,C_hard_bugtrap,11
field_unet,focal,1.1,24,False,24,24,nan,0.8268746939832938,nan,0,C_hard_bugtrap,11
field_unet,astar,,32,False,32,32,nan,0.8268746939832938,nan,0,C_hard_bugtrap,11
field_unet,focal,1.0,32,True,31,31,0.8268746939832938,0.8268746939832938,1.0,0,C_hard_bugtrap,11
field_unet,focal,1.1,32,False,32,32,nan,0.8268746939832938,nan,0,C_hard_bugtrap,11
field_onlstm,astar,,24,False,24,24,nan,0.8268746939832938,nan,0,C_hard_bugtrap,11
field_onlstm,focal,1.0,24,False,24,24,nan,0.8268746939832938,nan,0,C_hard_bugtrap,11
field_onlstm,focal,1.1,24,False,24,24,nan,0.8268746939832938,nan,0,C_hard_bugtrap,11
field_onlstm,astar,,32,False,32,32,nan,0.8268746939832938,nan,0,C_hard_bugtrap,11
field_onlstm,focal,1.0,32,True,31,31,0.8268746939832938,0.8268746939832938,1.0,0,C_hard_bugtrap,11
field_onlstm,focal,1.1,32,True,29,29,0.8343266216852963,0.8268746939832938,1.0090121607980338,0,C_hard_bugtrap,11
field_hrm,astar,,24,False,24,24,nan,0.8268746939832938,nan,0,C_hard_bugtrap,11
field_hrm,focal,1.0,24,False,24,24,nan,0.8268746939832938,nan,0,C_hard_bugtrap,11
field_hrm,focal,1.1,24,False,24,24,nan,0.8268746939832938,nan,0,C_hard_bugtrap,11
field_hrm,astar,,32,False,32,32,nan,0.8268746939832938,nan,0,C_hard_bugtrap,11
field_hrm,focal,1.0,32,True,31,31,0.8268746939832938,0.8268746939832938,1.0,0,C_hard_bugtrap,11
field_hrm,focal,1.1,32,True,28,28,0.8343266216852963,0.8268746939832938,1.0090121607980338,0,C_hard_bugtrap,11
euclid,astar,,24,True,19,19,0.6475563400463987,0.6475563400463988,0.9999999999999998,0,C_hard_bugtrap,12
euclid,focal,1.0,24,True,19,19,0.6475563400463987,0.6475563400463988,0.9999999999999998,0,C_hard_bugtrap,12
euclid,focal,1.1,24,True,17,17,0.6475563400463987,0.6475563400463988,0.9999999999999998,0,C_hard_bugtrap,12
euclid,astar,,32,True,19,19,0.6475563400463987,0.6475563400463988,0.9999999999999998,0,C_hard_bugtrap,12
euclid,focal,1.0,32,True,19,19,0.6475563400463987,0.6475563400463988,0.9999999999999998,0,C_hard_bugtrap,12
euclid,focal,1.1,32,True,17,17,0.6475563400463987,0.6475563400463988,0.9999999999999998,0,C_hard_bugtrap,12
oracle,astar,,24,True,7,7,0.6475563400463987,0.6475563400463988,0.9999999999999998,0,C_hard_bugtrap,12
oracle,focal,1.0,24,True,19,19,0.6475563400463987,0.6475563400463988,0.9999999999999998,0,C_hard_bugtrap,12
oracle,focal,1.1,24,True,16,16,0.6475563400463987,0.6475563400463988,0.9999999999999998,0,C_hard_bugtrap,12
oracle,astar,,32,True,7,7,0.6475563400463987,0.6475563400463988,0.9999999999999998,0,C_hard_bugtrap,12
oracle,focal,1.0,32,True,19,19,0.6475563400463987,0.6475563400463988,0.9999999999999998,0,C_hard_bugtrap,12
oracle,focal,1.1,32,True,16,16,0.6475563400463987,0.6475563400463988,0.9999999999999998,0,C_hard_bugtrap,12
scalar_hrm,astar,,24,True,20,20,0.6528801520683223,0.6475563400463988,1.0082213881521753,0,C_hard_bugtrap,12
scalar_hrm,focal,1.0,24,True,19,19,0.6475563400463987,0.6475563400463988,0.9999999999999998,0,C_hard_bugtrap,12
scalar_hrm,focal,1.1,24,True,15,15,0.6475563400463987,0.6475563400463988,0.9999999999999998,0,C_hard_bugtrap,12
scalar_hrm,astar,,32,True,20,20,0.6528801520683223,0.6475563400463988,1.0082213881521753,0,C_hard_bugtrap,12
scalar_hrm,focal,1.0,32,True,19,19,0.6475563400463987,0.6475563400463988,0.9999999999999998,0,C_hard_bugtrap,12
scalar_hrm,focal,1.1,32,True,15,15,0.6475563400463987,0.6475563400463988,0.9999999999999998,0,C_hard_bugtrap,12
scalar_onlstm,astar,,24,True,15,15,0.6475563400463987,0.6475563400463988,0.9999999999999998,0,C_hard_bugtrap,12
scalar_onlstm,focal,1.0,24,True,19,19,0.6475563400463987,0.6475563400463988,0.9999999999999998,0,C_hard_bugtrap,12
scalar_onlstm,focal,1.1,24,True,15,15,0.6475563400463987,0.6475563400463988,0.9999999999999998,0,C_hard_bugtrap,12
scalar_onlstm,astar,,32,True,15,15,0.6475563400463987,0.6475563400463988,0.9999999999999998,0,C_hard_bugtrap,12
scalar_onlstm,focal,1.0,32,True,19,19,0.6475563400463987,0.6475563400463988,0.9999999999999998,0,C_hard_bugtrap,12
scalar_onlstm,focal,1.1,32,True,15,15,0.6475563400463987,0.6475563400463988,0.9999999999999998,0,C_hard_bugtrap,12
field_unet,astar,,24,True,17,17,0.6528801520683223,0.6475563400463988,1.0082213881521753,0,C_hard_bugtrap,12
field_unet,focal,1.0,24,True,19,19,0.6475563400463987,0.6475563400463988,0.9999999999999998,0,C_hard_bugtrap,12
field_unet,focal,1.1,24,True,15,15,0.6475563400463987,0.6475563400463988,0.9999999999999998,0,C_hard_bugtrap,12
field_unet,astar,,32,True,17,17,0.6528801520683223,0.6475563400463988,1.0082213881521753,0,C_hard_bugtrap,12
field_unet,focal,1.0,32,True,19,19,0.6475563400463987,0.6475563400463988,0.9999999999999998,0,C_hard_bugtrap,12
field_unet,focal,1.1,32,True,15,15,0.6475563400463987,0.6475563400463988,0.9999999999999998,0,C_hard_bugtrap,12
field_onlstm,astar,,24,True,13,13,0.6475563400463987,0.6475563400463988,0.9999999999999998,0,C_hard_bugtrap,12
field_onlstm,focal,1.0,24,True,19,19,0.6475563400463987,0.6475563400463988,0.9999999999999998,0,C_hard_bugtrap,12
field_onlstm,focal,1.1,24,True,18,18,0.6475563400463987,0.6475563400463988,0.9999999999999998,0,C_hard_bugtrap,12
field_onlstm,astar,,32,True,13,13,0.6475563400463987,0.6475563400463988,0.9999999999999998,0,C_hard_bugtrap,12
field_onlstm,focal,1.0,32,True,19,19,0.6475563400463987,0.6475563400463988,0.9999999999999998,0,C_hard_bugtrap,12
field_onlstm,focal,1.1,32,True,18,18,0.6475563400463987,0.6475563400463988,0.9999999999999998,0,C_hard_bugtrap,12
field_hrm,astar,,24,True,9,9,0.6528801520683223,0.6475563400463988,1.0082213881521753,0,C_hard_bugtrap,12
field_hrm,focal,1.0,24,True,19,19,0.6475563400463987,0.6475563400463988,0.9999999999999998,0,C_hard_bugtrap,12
field_hrm,focal,1.1,24,True,16,16,0.6475563400463987,0.6475563400463988,0.9999999999999998,0,C_hard_bugtrap,12
field_hrm,astar,,32,True,9,9,0.6528801520683223,0.6475563400463988,1.0082213881521753,0,C_hard_bugtrap,12
field_hrm,focal,1.0,32,True,19,19,0.6475563400463987,0.6475563400463988,0.9999999999999998,0,C_hard_bugtrap,12
field_hrm,focal,1.1,32,True,16,16,0.6475563400463987,0.6475563400463988,0.9999999999999998,0,C_hard_bugtrap,12
euclid,astar,,24,False,24,24,nan,0.870187500615023,nan,0,C_hard_bugtrap,13
euclid,focal,1.0,24,False,24,24,nan,0.870187500615023,nan,0,C_hard_bugtrap,13
euclid,focal,1.1,24,False,24,24,nan,0.870187500615023,nan,0,C_hard_bugtrap,13
euclid,astar,,32,False,32,32,nan,0.870187500615023,nan,0,C_hard_bugtrap,13
euclid,focal,1.0,32,False,32,32,nan,0.870187500615023,nan,0,C_hard_bugtrap,13
euclid,focal,1.1,32,False,32,32,nan,0.870187500615023,nan,0,C_hard_bugtrap,13
oracle,astar,,24,True,10,10,0.870187500615023,0.870187500615023,1.0,0,C_hard_bugtrap,13
oracle,focal,1.0,24,False,24,24,nan,0.870187500615023,nan,0,C_hard_bugtrap,13
oracle,focal,1.1,24,False,24,24,nan,0.870187500615023,nan,0,C_hard_bugtrap,13
oracle,astar,,32,True,10,10,0.870187500615023,0.870187500615023,1.0,0,C_hard_bugtrap,13
oracle,focal,1.0,32,False,32,32,nan,0.870187500615023,nan,0,C_hard_bugtrap,13
oracle,focal,1.1,32,False,32,32,nan,0.870187500615023,nan,0,C_hard_bugtrap,13
scalar_hrm,astar,,24,False,24,24,nan,0.870187500615023,nan,0,C_hard_bugtrap,13
scalar_hrm,focal,1.0,24,False,24,24,nan,0.870187500615023,nan,0,C_hard_bugtrap,13
scalar_hrm,focal,1.1,24,False,24,24,nan,0.870187500615023,nan,0,C_hard_bugtrap,13
scalar_hrm,astar,,32,True,32,32,0.870187500615023,0.870187500615023,1.0,0,C_hard_bugtrap,13
scalar_hrm,focal,1.0,32,False,32,32,nan,0.870187500615023,nan,0,C_hard_bugtrap,13
scalar_hrm,focal,1.1,32,False,32,32,nan,0.870187500615023,nan,0,C_hard_bugtrap,13
scalar_onlstm,astar,,24,False,24,24,nan,0.870187500615023,nan,0,C_hard_bugtrap,13
scalar_onlstm,focal,1.0,24,False,24,24,nan,0.870187500615023,nan,0,C_hard_bugtrap,13
scalar_onlstm,focal,1.1,24,False,24,24,nan,0.870187500615023,nan,0,C_hard_bugtrap,13
scalar_onlstm,astar,,32,False,32,32,nan,0.870187500615023,nan,0,C_hard_bugtrap,13
scalar_onlstm,focal,1.0,32,False,32,32,nan,0.870187500615023,nan,0,C_hard_bugtrap,13
scalar_onlstm,focal,1.1,32,True,30,30,0.8935648859378192,0.870187500615023,1.026864768002613,0,C_hard_bugtrap,13
field_unet,astar,,24,False,24,24,nan,0.870187500615023,nan,0,C_hard_bugtrap,13
field_unet,focal,1.0,24,False,24,24,nan,0.870187500615023,nan,0,C_hard_bugtrap,13
field_unet,focal,1.1,24,False,24,24,nan,0.870187500615023,nan,0,C_hard_bugtrap,13
field_unet,astar,,32,False,32,32,nan,0.870187500615023,nan,0,C_hard_bugtrap,13
field_unet,focal,1.0,32,False,32,32,nan,0.870187500615023,nan,0,C_hard_bugtrap,13
field_unet,focal,1.1,32,False,32,32,nan,0.870187500615023,nan,0,C_hard_bugtrap,13
field_onlstm,astar,,24,True,19,19,0.9177605969782472,0.870187500615023,1.0546699376049424,0,C_hard_bugtrap,13
field_onlstm,focal,1.0,24,False,24,24,nan,0.870187500615023,nan,0,C_hard_bugtrap,13
field_onlstm,focal,1.1,24,False,24,24,nan,0.870187500615023,nan,0,C_hard_bugtrap,13
field_onlstm,astar,,32,True,19,19,0.9177605969782472,0.870187500615023,1.0546699376049424,0,C_hard_bugtrap,13
field_onlstm,focal,1.0,32,False,32,32,nan,0.870187500615023,nan,0,C_hard_bugtrap,13
field_onlstm,focal,1.1,32,False,32,32,nan,0.870187500615023,nan,0,C_hard_bugtrap,13
field_hrm,astar,,24,False,24,24,nan,0.870187500615023,nan,0,C_hard_bugtrap,13
field_hrm,focal,1.0,24,False,24,24,nan,0.870187500615023,nan,0,C_hard_bugtrap,13
field_hrm,focal,1.1,24,False,24,24,nan,0.870187500615023,nan,0,C_hard_bugtrap,13
field_hrm,astar,,32,False,32,32,nan,0.870187500615023,nan,0,C_hard_bugtrap,13
field_hrm,focal,1.0,32,False,32,32,nan,0.870187500615023,nan,0,C_hard_bugtrap,13
field_hrm,focal,1.1,32,False,32,32,nan,0.870187500615023,nan,0,C_hard_bugtrap,13
euclid,astar,,24,False,24,24,nan,0.8247936135740328,nan,0,C_hard_bugtrap,14
euclid,focal,1.0,24,False,24,24,nan,0.8247936135740328,nan,0,C_hard_bugtrap,14
euclid,focal,1.1,24,False,24,24,nan,0.8247936135740328,nan,0,C_hard_bugtrap,14
euclid,astar,,32,False,32,32,nan,0.8247936135740328,nan,0,C_hard_bugtrap,14
euclid,focal,1.0,32,False,32,32,nan,0.8247936135740328,nan,0,C_hard_bugtrap,14
euclid,focal,1.1,32,True,31,31,0.8247936135740329,0.8247936135740328,1.0000000000000002,0,C_hard_bugtrap,14
oracle,astar,,24,True,9,9,0.8247936135740329,0.8247936135740328,1.0000000000000002,0,C_hard_bugtrap,14
oracle,focal,1.0,24,False,24,24,nan,0.8247936135740328,nan,0,C_hard_bugtrap,14
oracle,focal,1.1,24,False,24,24,nan,0.8247936135740328,nan,0,C_hard_bugtrap,14
oracle,astar,,32,True,9,9,0.8247936135740329,0.8247936135740328,1.0000000000000002,0,C_hard_bugtrap,14
oracle,focal,1.0,32,False,32,32,nan,0.8247936135740328,nan,0,C_hard_bugtrap,14
oracle,focal,1.1,32,True,27,27,0.8247936135740329,0.8247936135740328,1.0000000000000002,0,C_hard_bugtrap,14
scalar_hrm,astar,,24,False,24,24,nan,0.8247936135740328,nan,0,C_hard_bugtrap,14
scalar_hrm,focal,1.0,24,False,24,24,nan,0.8247936135740328,nan,0,C_hard_bugtrap,14
scalar_hrm,focal,1.1,24,False,24,24,nan,0.8247936135740328,nan,0,C_hard_bugtrap,14
scalar_hrm,astar,,32,False,32,32,nan,0.8247936135740328,nan,0,C_hard_bugtrap,14
scalar_hrm,focal,1.0,32,False,32,32,nan,0.8247936135740328,nan,0,C_hard_bugtrap,14
scalar_hrm,focal,1.1,32,False,32,32,nan,0.8247936135740328,nan,0,C_hard_bugtrap,14
scalar_onlstm,astar,,24,False,24,24,nan,0.8247936135740328,nan,0,C_hard_bugtrap,14
scalar_onlstm,focal,1.0,24,False,24,24,nan,0.8247936135740328,nan,0,C_hard_bugtrap,14
scalar_onlstm,focal,1.1,24,False,24,24,nan,0.8247936135740328,nan,0,C_hard_bugtrap,14
scalar_onlstm,astar,,32,False,32,32,nan,0.8247936135740328,nan,0,C_hard_bugtrap,14
scalar_onlstm,focal,1.0,32,False,32,32,nan,0.8247936135740328,nan,0,C_hard_bugtrap,14
scalar_onlstm,focal,1.1,32,True,32,32,0.8487041508817185,0.8247936135740328,1.0289897216881632,0,C_hard_bugtrap,14
field_unet,astar,,24,False,24,24,nan,0.8247936135740328,nan,0,C_hard_bugtrap,14
field_unet,focal,1.0,24,False,24,24,nan,0.8247936135740328,nan,0,C_hard_bugtrap,14
field_unet,focal,1.1,24,False,24,24,nan,0.8247936135740328,nan,0,C_hard_bugtrap,14
field_unet,astar,,32,False,32,32,nan,0.8247936135740328,nan,0,C_hard_bugtrap,14
field_unet,focal,1.0,32,False,32,32,nan,0.8247936135740328,nan,0,C_hard_bugtrap,14
field_unet,focal,1.1,32,False,32,32,nan,0.8247936135740328,nan,0,C_hard_bugtrap,14
field_onlstm,astar,,24,True,24,24,0.9154986680269694,0.8247936135740328,1.1099730319926817,0,C_hard_bugtrap,14
field_onlstm,focal,1.0,24,False,24,24,nan,0.8247936135740328,nan,0,C_hard_bugtrap,14
field_onlstm,focal,1.1,24,False,24,24,nan,0.8247936135740328,nan,0,C_hard_bugtrap,14
field_onlstm,astar,,32,True,24,24,0.9154986680269694,0.8247936135740328,1.1099730319926817,0,C_hard_bugtrap,14
field_onlstm,focal,1.0,32,False,32,32,nan,0.8247936135740328,nan,0,C_hard_bugtrap,14
field_onlstm,focal,1.1,32,False,32,32,nan,0.8247936135740328,nan,0,C_hard_bugtrap,14
field_hrm,astar,,24,False,24,24,nan,0.8247936135740328,nan,0,C_hard_bugtrap,14
field_hrm,focal,1.0,24,False,24,24,nan,0.8247936135740328,nan,0,C_hard_bugtrap,14
field_hrm,focal,1.1,24,False,24,24,nan,0.8247936135740328,nan,0,C_hard_bugtrap,14
field_hrm,astar,,32,True,30,30,1.0530229515758978,0.8247936135740328,1.276710845290001,0,C_hard_bugtrap,14
field_hrm,focal,1.0,32,False,32,32,nan,0.8247936135740328,nan,0,C_hard_bugtrap,14
field_hrm,focal,1.1,32,False,32,32,nan,0.8247936135740328,nan,0,C_hard_bugtrap,14
euclid,astar,,24,True,20,20,0.6948122436277622,0.6948122436277622,1.0,0,C_hard_bugtrap,15
euclid,focal,1.0,24,True,20,20,0.6948122436277622,0.6948122436277622,1.0,0,C_hard_bugtrap,15
euclid,focal,1.1,24,True,19,19,0.6948122436277622,0.6948122436277622,1.0,0,C_hard_bugtrap,15
euclid,astar,,32,True,20,20,0.6948122436277622,0.6948122436277622,1.0,0,C_hard_bugtrap,15
euclid,focal,1.0,32,True,20,20,0.6948122436277622,0.6948122436277622,1.0,0,C_hard_bugtrap,15
euclid,focal,1.1,32,True,19,19,0.6948122436277622,0.6948122436277622,1.0,0,C_hard_bugtrap,15
oracle,astar,,24,True,8,8,0.6948122436277622,0.6948122436277622,1.0,0,C_hard_bugtrap,15
oracle,focal,1.0,24,True,20,20,0.6948122436277622,0.6948122436277622,1.0,0,C_hard_bugtrap,15
oracle,focal,1.1,24,True,17,17,0.6948122436277622,0.6948122436277622,1.0,0,C_hard_bugtrap,15
oracle,astar,,32,True,8,8,0.6948122436277622,0.6948122436277622,1.0,0,C_hard_bugtrap,15
oracle,focal,1.0,32,True,20,20,0.6948122436277622,0.6948122436277622,1.0,0,C_hard_bugtrap,15
oracle,focal,1.1,32,True,17,17,0.6948122436277622,0.6948122436277622,1.0,0,C_hard_bugtrap,15
scalar_hrm,astar,,24,True,8,8,0.7924331328866703,0.6948122436277622,1.1404996675781196,0,C_hard_bugtrap,15
scalar_hrm,focal,1.0,24,True,20,20,0.6948122436277622,0.6948122436277622,1.0,0,C_hard_bugtrap,15
scalar_hrm,focal,1.1,24,True,17,17,0.6948122436277622,0.6948122436277622,1.0,0,C_hard_bugtrap,15
scalar_hrm,astar,,32,True,8,8,0.7924331328866703,0.6948122436277622,1.1404996675781196,0,C_hard_bugtrap,15
scalar_hrm,focal,1.0,32,True,20,20,0.6948122436277622,0.6948122436277622,1.0,0,C_hard_bugtrap,15
scalar_hrm,focal,1.1,32,True,17,17,0.6948122436277622,0.6948122436277622,1.0,0,C_hard_bugtrap,15
scalar_onlstm,astar,,24,True,12,12,0.7924331328866703,0.6948122436277622,1.1404996675781196,0,C_hard_bugtrap,15
scalar_onlstm,focal,1.0,24,True,20,20,0.6948122436277622,0.6948122436277622,1.0,0,C_hard_bugtrap,15
scalar_onlstm,focal,1.1,24,True,17,17,0.6948122436277622,0.6948122436277622,1.0,0,C_hard_bugtrap,15
scalar_onlstm,astar,,32,True,12,12,0.7924331328866703,0.6948122436277622,1.1404996675781196,0,C_hard_bugtrap,15
scalar_onlstm,focal,1.0,32,True,20,20,0.6948122436277622,0.6948122436277622,1.0,0,C_hard_bugtrap,15
scalar_onlstm,focal,1.1,32,True,17,17,0.6948122436277622,0.6948122436277622,1.0,0,C_hard_bugtrap,15
field_unet,astar,,24,True,15,15,0.7609603529067422,0.6948122436277622,1.095202854995195,0,C_hard_bugtrap,15
field_unet,focal,1.0,24,True,20,20,0.6948122436277622,0.6948122436277622,1.0,0,C_hard_bugtrap,15
field_unet,focal,1.1,24,True,21,21,0.706590059665354,0.6948122436277622,1.0169510772811046,0,C_hard_bugtrap,15
field_unet,astar,,32,True,15,15,0.7609603529067422,0.6948122436277622,1.095202854995195,0,C_hard_bugtrap,15
field_unet,focal,1.0,32,True,20,20,0.6948122436277622,0.6948122436277622,1.0,0,C_hard_bugtrap,15
field_unet,focal,1.1,32,True,21,21,0.706590059665354,0.6948122436277622,1.0169510772811046,0,C_hard_bugtrap,15
field_onlstm,astar,,24,True,15,15,0.7924331328866703,0.6948122436277622,1.1404996675781196,0,C_hard_bugtrap,15
field_onlstm,focal,1.0,24,True,20,20,0.6948122436277622,0.6948122436277622,1.0,0,C_hard_bugtrap,15
field_onlstm,focal,1.1,24,True,21,21,0.7056996556318365,0.6948122436277622,1.015669574196374,0,C_hard_bugtrap,15
field_onlstm,astar,,32,True,15,15,0.7924331328866703,0.6948122436277622,1.1404996675781196,0,C_hard_bugtrap,15
field_onlstm,focal,1.0,32,True,20,20,0.6948122436277622,0.6948122436277622,1.0,0,C_hard_bugtrap,15
field_onlstm,focal,1.1,32,True,21,21,0.7056996556318365,0.6948122436277622,1.015669574196374,0,C_hard_bugtrap,15
field_hrm,astar,,24,True,12,12,0.6986354157174279,0.6948122436277622,1.0055024535401162,0,C_hard_bugtrap,15
field_hrm,focal,1.0,24,True,20,20,0.6948122436277622,0.6948122436277622,1.0,0,C_hard_bugtrap,15
field_hrm,focal,1.1,24,True,16,16,0.6948122436277622,0.6948122436277622,1.0,0,C_hard_bugtrap,15
field_hrm,astar,,32,True,12,12,0.6986354157174279,0.6948122436277622,1.0055024535401162,0,C_hard_bugtrap,15
field_hrm,focal,1.0,32,True,20,20,0.6948122436277622,0.6948122436277622,1.0,0,C_hard_bugtrap,15
field_hrm,focal,1.1,32,True,16,16,0.6948122436277622,0.6948122436277622,1.0,0,C_hard_bugtrap,15
euclid,astar,,24,True,22,22,0.7199506893784483,0.7199506893784484,0.9999999999999999,0,C_hard_bugtrap,16
euclid,focal,1.0,24,True,22,22,0.7199506893784483,0.7199506893784484,0.9999999999999999,0,C_hard_bugtrap,16
euclid,focal,1.1,24,True,18,18,0.7247595078624618,0.7199506893784484,1.0066793720111096,0,C_hard_bugtrap,16
euclid,astar,,32,True,22,22,0.7199506893784483,0.7199506893784484,0.9999999999999999,0,C_hard_bugtrap,16
euclid,focal,1.0,32,True,22,22,0.7199506893784483,0.7199506893784484,0.9999999999999999,0,C_hard_bugtrap,16
euclid,focal,1.1,32,True,18,18,0.7247595078624618,0.7199506893784484,1.0066793720111096,0,C_hard_bugtrap,16
oracle,astar,,24,True,8,8,0.7199506893784483,0.7199506893784484,0.9999999999999999,0,C_hard_bugtrap,16
oracle,focal,1.0,24,True,22,22,0.7199506893784483,0.7199506893784484,0.9999999999999999,0,C_hard_bugtrap,16
oracle,focal,1.1,24,True,19,19,0.7199506893784483,0.7199506893784484,0.9999999999999999,0,C_hard_bugtrap,16
oracle,astar,,32,True,8,8,0.7199506893784483,0.7199506893784484,0.9999999999999999,0,C_hard_bugtrap,16
oracle,focal,1.0,32,True,22,22,0.7199506893784483,0.7199506893784484,0.9999999999999999,0,C_hard_bugtrap,16
oracle,focal,1.1,32,True,19,19,0.7199506893784483,0.7199506893784484,0.9999999999999999,0,C_hard_bugtrap,16
scalar_hrm,astar,,24,True,18,18,0.9139965918243153,0.7199506893784484,1.2695266569067272,0,C_hard_bugtrap,16
scalar_hrm,focal,1.0,24,True,22,22,0.7199506893784483,0.7199506893784484,0.9999999999999999,0,C_hard_bugtrap,16
scalar_hrm,focal,1.1,24,True,19,19,0.7199506893784483,0.7199506893784484,0.9999999999999999,0,C_hard_bugtrap,16
scalar_hrm,astar,,32,True,18,18,0.9139965918243153,0.7199506893784484,1.2695266569067272,0,C_hard_bugtrap,16
scalar_hrm,focal,1.0,32,True,22,22,0.7199506893784483,0.7199506893784484,0.9999999999999999,0,C_hard_bugtrap,16
scalar_hrm,focal,1.1,32,True,19,19,0.7199506893784483,0.7199506893784484,0.9999999999999999,0,C_hard_bugtrap,16
scalar_onlstm,astar,,24,True,11,11,0.9224867492817453,0.7199506893784484,1.2813193499101325,0,C_hard_bugtrap,16
scalar_onlstm,focal,1.0,24,True,22,22,0.7199506893784483,0.7199506893784484,0.9999999999999999,0,C_hard_bugtrap,16
scalar_onlstm,focal,1.1,24,True,17,17,0.7300201439506538,0.7199506893784484,1.0139863114526617,0,C_hard_bugtrap,16
scalar_onlstm,astar,,32,True,11,11,0.9224867492817453,0.7199506893784484,1.2813193499101325,0,C_hard_bugtrap,16
scalar_onlstm,focal,1.0,32,True,22,22,0.7199506893784483,0.7199506893784484,0.9999999999999999,0,C_hard_bugtrap,16
scalar_onlstm,focal,1.1,32,True,17,17,0.7300201439506538,0.7199506893784484,1.0139863114526617,0,C_hard_bugtrap,16
field_unet,astar,,24,True,8,8,0.8106022934075872,0.7199506893784484,1.1259136290395118,0,C_hard_bugtrap,16
field_unet,focal,1.0,24,True,22,22,0.7199506893784483,0.7199506893784484,0.9999999999999999,0,C_hard_bugtrap,16
field_unet,focal,1.1,24,True,19,19,0.7199506893784483,0.7199506893784484,0.9999999999999999,0,C_hard_bugtrap,16
field_unet,astar,,32,True,8,8,0.8106022934075872,0.7199506893784484,1.1259136290395118,0,C_hard_bugtrap,16
field_unet,focal,1.0,32,True,22,22,0.7199506893784483,0.7199506893784484,0.9999999999999999,0,C_hard_bugtrap,16
field_unet,focal,1.1,32,True,19,19,0.7199506893784483,0.7199506893784484,0.9999999999999999,0,C_hard_bugtrap,16
field_onlstm,astar,,24,True,18,18,0.7199506893784483,0.7199506893784484,0.9999999999999999,0,C_hard_bugtrap,16
field_onlstm,focal,1.0,24,True,22,22,0.7199506893784483,0.7199506893784484,0.9999999999999999,0,C_hard_bugtrap,16
field_onlstm,focal,1.1,24,True,19,19,0.7199506893784483,0.7199506893784484,0.9999999999999999,0,C_hard_bugtrap,16
field_onlstm,astar,,32,True,18,18,0.7199506893784483,0.7199506893784484,0.9999999999999999,0,C_hard_bugtrap,16
field_onlstm,focal,1.0,32,True,22,22,0.7199506893784483,0.7199506893784484,0.9999999999999999,0,C_hard_bugtrap,16
field_onlstm,focal,1.1,32,True,19,19,0.7199506893784483,0.7199506893784484,0.9999999999999999,0,C_hard_bugtrap,16
field_hrm,astar,,24,True,17,17,0.7422351340290553,0.7199506893784484,1.0309527374296226,0,C_hard_bugtrap,16
field_hrm,focal,1.0,24,True,22,22,0.7199506893784483,0.7199506893784484,0.9999999999999999,0,C_hard_bugtrap,16
field_hrm,focal,1.1,24,True,18,18,0.7199506893784483,0.7199506893784484,0.9999999999999999,0,C_hard_bugtrap,16
field_hrm,astar,,32,True,17,17,0.7422351340290553,0.7199506893784484,1.0309527374296226,0,C_hard_bugtrap,16
field_hrm,focal,1.0,32,True,22,22,0.7199506893784483,0.7199506893784484,0.9999999999999999,0,C_hard_bugtrap,16
field_hrm,focal,1.1,32,True,18,18,0.7199506893784483,0.7199506893784484,0.9999999999999999,0,C_hard_bugtrap,16
euclid,astar,,24,False,24,24,nan,0.8172080138314786,nan,0,C_hard_bugtrap,17
euclid,focal,1.0,24,False,24,24,nan,0.8172080138314786,nan,0,C_hard_bugtrap,17
euclid,focal,1.1,24,False,24,24,nan,0.8172080138314786,nan,0,C_hard_bugtrap,17
euclid,astar,,32,False,32,32,nan,0.8172080138314786,nan,0,C_hard_bugtrap,17
euclid,focal,1.0,32,False,32,32,nan,0.8172080138314786,nan,0,C_hard_bugtrap,17
euclid,focal,1.1,32,True,28,28,0.8173976970778284,0.8172080138314786,1.0002321113390218,0,C_hard_bugtrap,17
oracle,astar,,24,True,11,11,0.8172080138314787,0.8172080138314786,1.0000000000000002,0,C_hard_bugtrap,17
oracle,focal,1.0,24,False,24,24,nan,0.8172080138314786,nan,0,C_hard_bugtrap,17
oracle,focal,1.1,24,False,24,24,nan,0.8172080138314786,nan,0,C_hard_bugtrap,17
oracle,astar,,32,True,11,11,0.8172080138314787,0.8172080138314786,1.0000000000000002,0,C_hard_bugtrap,17
oracle,focal,1.0,32,False,32,32,nan,0.8172080138314786,nan,0,C_hard_bugtrap,17
oracle,focal,1.1,32,True,29,29,0.8173976970778284,0.8172080138314786,1.0002321113390218,0,C_hard_bugtrap,17
scalar_hrm,astar,,24,True,22,22,0.8172080138314787,0.8172080138314786,1.0000000000000002,0,C_hard_bugtrap,17
scalar_hrm,focal,1.0,24,False,24,24,nan,0.8172080138314786,nan,0,C_hard_bugtrap,17
scalar_hrm,focal,1.1,24,False,24,24,nan,0.8172080138314786,nan,0,C_hard_bugtrap,17
scalar_hrm,astar,,32,True,22,22,0.8172080138314787,0.8172080138314786,1.0000000000000002,0,C_hard_bugtrap,17
scalar_hrm,focal,1.0,32,False,32,32,nan,0.8172080138314786,nan,0,C_hard_bugtrap,17
scalar_hrm,focal,1.1,32,True,28,28,0.8173976970778284,0.8172080138314786,1.0002321113390218,0,C_hard_bugtrap,17
scalar_onlstm,astar,,24,True,22,22,0.8237106855379123,0.8172080138314786,1.0079571805420091,0,C_hard_bugtrap,17
scalar_onlstm,focal,1.0,24,False,24,24,nan,0.8172080138314786,nan,0,C_hard_bugtrap,17
scalar_onlstm,focal,1.1,24,False,24,24,nan,0.8172080138314786,nan,0,C_hard_bugtrap,17
scalar_onlstm,astar,,32,True,22,22,0.8237106855379123,0.8172080138314786,1.0079571805420091,0,C_hard_bugtrap,17
scalar_onlstm,focal,1.0,32,False,32,32,nan,0.8172080138314786,nan,0,C_hard_bugtrap,17
scalar_onlstm,focal,1.1,32,True,29,29,0.8173976970778284,0.8172080138314786,1.0002321113390218,0,C_hard_bugtrap,17
field_unet,astar,,24,False,24,24,nan,0.8172080138314786,nan,0,C_hard_bugtrap,17
field_unet,focal,1.0,24,False,24,24,nan,0.8172080138314786,nan,0,C_hard_bugtrap,17
field_unet,focal,1.1,24,False,24,24,nan,0.8172080138314786,nan,0,C_hard_bugtrap,17
field_unet,astar,,32,False,32,32,nan,0.8172080138314786,nan,0,C_hard_bugtrap,17
field_unet,focal,1.0,32,False,32,32,nan,0.8172080138314786,nan,0,C_hard_bugtrap,17
field_unet,focal,1.1,32,False,32,32,nan,0.8172080138314786,nan,0,C_hard_bugtrap,17
field_onlstm,astar,,24,False,24,24,nan,0.8172080138314786,nan,0,C_hard_bugtrap,17
field_onlstm,focal,1.0,24,False,24,24,nan,0.8172080138314786,nan,0,C_hard_bugtrap,17
field_onlstm,focal,1.1,24,False,24,24,nan,0.8172080138314786,nan,0,C_hard_bugtrap,17
field_onlstm,astar,,32,True,28,28,0.8173976970778284,0.8172080138314786,1.0002321113390218,0,C_hard_bugtrap,17
field_onlstm,focal,1.0,32,False,32,32,nan,0.8172080138314786,nan,0,C_hard_bugtrap,17
field_onlstm,focal,1.1,32,True,28,28,0.8173976970778284,0.8172080138314786,1.0002321113390218,0,C_hard_bugtrap,17
field_hrm,astar,,24,False,24,24,nan,0.8172080138314786,nan,0,C_hard_bugtrap,17
field_hrm,focal,1.0,24,False,24,24,nan,0.8172080138314786,nan,0,C_hard_bugtrap,17
field_hrm,focal,1.1,24,False,24,24,nan,0.8172080138314786,nan,0,C_hard_bugtrap,17
field_hrm,astar,,32,False,32,32,nan,0.8172080138314786,nan,0,C_hard_bugtrap,17
field_hrm,focal,1.0,32,False,32,32,nan,0.8172080138314786,nan,0,C_hard_bugtrap,17
field_hrm,focal,1.1,32,True,28,28,0.8173976970778284,0.8172080138314786,1.0002321113390218,0,C_hard_bugtrap,17
euclid,astar,,24,True,14,14,0.6046767242685115,0.6046767242685115,1.0,0,C_hard_bugtrap,18
euclid,focal,1.0,24,True,14,14,0.6046767242685115,0.6046767242685115,1.0,0,C_hard_bugtrap,18
euclid,focal,1.1,24,True,14,14,0.610510918144513,0.6046767242685115,1.0096484512167376,0,C_hard_bugtrap,18
euclid,astar,,32,True,14,14,0.6046767242685115,0.6046767242685115,1.0,0,C_hard_bugtrap,18
euclid,focal,1.0,32,True,14,14,0.6046767242685115,0.6046767242685115,1.0,0,C_hard_bugtrap,18
euclid,focal,1.1,32,True,14,14,0.610510918144513,0.6046767242685115,1.0096484512167376,0,C_hard_bugtrap,18
oracle,astar,,24,True,7,7,0.6046767242685115,0.6046767242685115,1.0,0,C_hard_bugtrap,18
oracle,focal,1.0,24,True,14,14,0.6046767242685115,0.6046767242685115,1.0,0,C_hard_bugtrap,18
oracle,focal,1.1,24,True,13,13,0.6046767242685115,0.6046767242685115,1.0,0,C_hard_bugtrap,18
oracle,astar,,32,True,7,7,0.6046767242685115,0.6046767242685115,1.0,0,C_hard_bugtrap,18
oracle,focal,1.0,32,True,14,14,0.6046767242685115,0.6046767242685115,1.0,0,C_hard_bugtrap,18
oracle,focal,1.1,32,True,13,13,0.6046767242685115,0.6046767242685115,1.0,0,C_hard_bugtrap,18
scalar_hrm,astar,,24,True,7,7,0.6278143492247286,0.6046767242685115,1.038264454422662,0,C_hard_bugtrap,18
scalar_hrm,focal,1.0,24,True,14,14,0.6046767242685115,0.6046767242685115,1.0,0,C_hard_bugtrap,18
scalar_hrm,focal,1.1,24,True,14,14,0.610510918144513,0.6046767242685115,1.0096484512167376,0,C_hard_bugtrap,18
scalar_hrm,astar,,32,True,7,7,0.6278143492247286,0.6046767242685115,1.038264454422662,0,C_hard_bugtrap,18
scalar_hrm,focal,1.0,32,True,14,14,0.6046767242685115,0.6046767242685115,1.0,0,C_hard_bugtrap,18
scalar_hrm,focal,1.1,32,True,14,14,0.610510918144513,0.6046767242685115,1.0096484512167376,0,C_hard_bugtrap,18
scalar_onlstm,astar,,24,True,7,7,0.6278143492247286,0.6046767242685115,1.038264454422662,0,C_hard_bugtrap,18
scalar_onlstm,focal,1.0,24,True,14,14,0.6046767242685115,0.6046767242685115,1.0,0,C_hard_bugtrap,18
scalar_onlstm,focal,1.1,24,True,12,12,0.610510918144513,0.6046767242685115,1.0096484512167376,0,C_hard_bugtrap,18
scalar_onlstm,astar,,32,True,7,7,0.6278143492247286,0.6046767242685115,1.038264454422662,0,C_hard_bugtrap,18
scalar_onlstm,focal,1.0,32,True,14,14,0.6046767242685115,0.6046767242685115,1.0,0,C_hard_bugtrap,18
scalar_onlstm,focal,1.1,32,True,12,12,0.610510918144513,0.6046767242685115,1.0096484512167376,0,C_hard_bugtrap,18
field_unet,astar,,24,True,16,16,0.7044548296237805,0.6046767242685115,1.1650106599951775,0,C_hard_bugtrap,18
field_unet,focal,1.0,24,True,14,14,0.6046767242685115,0.6046767242685115,1.0,0,C_hard_bugtrap,18
field_unet,focal,1.1,24,True,15,15,0.6530727656566073,0.6046767242685115,1.0800362233996048,0,C_hard_bugtrap,18
field_unet,astar,,32,True,16,16,0.7044548296237805,0.6046767242685115,1.1650106599951775,0,C_hard_bugtrap,18
field_unet,focal,1.0,32,True,14,14,0.6046767242685115,0.6046767242685115,1.0,0,C_hard_bugtrap,18
field_unet,focal,1.1,32,True,15,15,0.6530727656566073,0.6046767242685115,1.0800362233996048,0,C_hard_bugtrap,18
field_onlstm,astar,,24,True,14,14,0.6046767242685115,0.6046767242685115,1.0,0,C_hard_bugtrap,18
field_onlstm,focal,1.0,24,True,14,14,0.6046767242685115,0.6046767242685115,1.0,0,C_hard_bugtrap,18
field_onlstm,focal,1.1,24,True,16,16,0.6342923033959174,0.6046767242685115,1.0489775411203934,0,C_hard_bugtrap,18
field_onlstm,astar,,32,True,14,14,0.6046767242685115,0.6046767242685115,1.0,0,C_hard_bugtrap,18
field_onlstm,focal,1.0,32,True,14,14,0.6046767242685115,0.6046767242685115,1.0,0,C_hard_bugtrap,18
field_onlstm,focal,1.1,32,True,16,16,0.6342923033959174,0.6046767242685115,1.0489775411203934,0,C_hard_bugtrap,18
field_hrm,astar,,24,True,9,9,0.6072838775168451,0.6046767242685115,1.004311648098391,0,C_hard_bugtrap,18
field_hrm,focal,1.0,24,True,14,14,0.6046767242685115,0.6046767242685115,1.0,0,C_hard_bugtrap,18
field_hrm,focal,1.1,24,True,14,14,0.6046767242685115,0.6046767242685115,1.0,0,C_hard_bugtrap,18
field_hrm,astar,,32,True,9,9,0.6072838775168451,0.6046767242685115,1.004311648098391,0,C_hard_bugtrap,18
field_hrm,focal,1.0,32,True,14,14,0.6046767242685115,0.6046767242685115,1.0,0,C_hard_bugtrap,18
field_hrm,focal,1.1,32,True,14,14,0.6046767242685115,0.6046767242685115,1.0,0,C_hard_bugtrap,18
euclid,astar,,24,True,21,21,0.5593895358931105,0.5593895358931105,1.0,0,C_hard_bugtrap,19
euclid,focal,1.0,24,True,21,21,0.5593895358931105,0.5593895358931105,1.0,0,C_hard_bugtrap,19
euclid,focal,1.1,24,True,15,15,0.565694653166651,0.5593895358931105,1.0112714251321737,0,C_hard_bugtrap,19
euclid,astar,,32,True,21,21,0.5593895358931105,0.5593895358931105,1.0,0,C_hard_bugtrap,19
euclid,focal,1.0,32,True,21,21,0.5593895358931105,0.5593895358931105,1.0,0,C_hard_bugtrap,19
euclid,focal,1.1,32,True,15,15,0.565694653166651,0.5593895358931105,1.0112714251321737,0,C_hard_bugtrap,19
oracle,astar,,24,True,7,7,0.5593895358931105,0.5593895358931105,1.0,0,C_hard_bugtrap,19
oracle,focal,1.0,24,True,21,21,0.5593895358931105,0.5593895358931105,1.0,0,C_hard_bugtrap,19
oracle,focal,1.1,24,True,12,12,0.5805685535691333,0.5593895358931105,1.0378609471880964,0,C_hard_bugtrap,19
oracle,astar,,32,True,7,7,0.5593895358931105,0.5593895358931105,1.0,0,C_hard_bugtrap,19
oracle,focal,1.0,32,True,21,21,0.5593895358931105,0.5593895358931105,1.0,0,C_hard_bugtrap,19
oracle,focal,1.1,32,True,12,12,0.5805685535691333,0.5593895358931105,1.0378609471880964,0,C_hard_bugtrap,19
scalar_hrm,astar,,24,True,16,16,0.565694653166651,0.5593895358931105,1.0112714251321737,0,C_hard_bugtrap,19
scalar_hrm,focal,1.0,24,True,21,21,0.5593895358931105,0.5593895358931105,1.0,0,C_hard_bugtrap,19
scalar_hrm,focal,1.1,24,True,15,15,0.565694653166651,0.5593895358931105,1.0112714251321737,0,C_hard_bugtrap,19
scalar_hrm,astar,,32,True,16,16,0.565694653166651,0.5593895358931105,1.0112714251321737,0,C_hard_bugtrap,19
scalar_hrm,focal,1.0,32,True,21,21,0.5593895358931105,0.5593895358931105,1.0,0,C_hard_bugtrap,19
scalar_hrm,focal,1.1,32,True,15,15,0.565694653166651,0.5593895358931105,1.0112714251321737,0,C_hard_bugtrap,19
scalar_onlstm,astar,,24,True,13,13,0.565694653166651,0.5593895358931105,1.0112714251321737,0,C_hard_bugtrap,19
scalar_onlstm,focal,1.0,24,True,21,21,0.5593895358931105,0.5593895358931105,1.0,0,C_hard_bugtrap,19
scalar_onlstm,focal,1.1,24,True,13,13,0.5805685535691333,0.5593895358931105,1.0378609471880964,0,C_hard_bugtrap,19
scalar_onlstm,astar,,32,True,13,13,0.565694653166651,0.5593895358931105,1.0112714251321737,0,C_hard_bugtrap,19
scalar_onlstm,focal,1.0,32,True,21,21,0.5593895358931105,0.5593895358931105,1.0,0,C_hard_bugtrap,19
scalar_onlstm,focal,1.1,32,True,13,13,0.5805685535691333,0.5593895358931105,1.0378609471880964,0,C_hard_bugtrap,19
field_unet,astar,,24,True,15,15,0.565694653166651,0.5593895358931105,1.0112714251321737,0,C_hard_bugtrap,19
field_unet,focal,1.0,24,True,21,21,0.5593895358931105,0.5593895358931105,1.0,0,C_hard_bugtrap,19
field_unet,focal,1.1,24,True,15,15,0.565694653166651,0.5593895358931105,1.0112714251321737,0,C_hard_bugtrap,19
field_unet,astar,,32,True,15,15,0.565694653166651,0.5593895358931105,1.0112714251321737,0,C_hard_bugtrap,19
field_unet,focal,1.0,32,True,21,21,0.5593895358931105,0.5593895358931105,1.0,0,C_hard_bugtrap,19
field_unet,focal,1.1,32,True,15,15,0.565694653166651,0.5593895358931105,1.0112714251321737,0,C_hard_bugtrap,19
field_onlstm,astar,,24,True,12,12,0.580667546517254,0.5593895358931105,1.0380379132229771,0,C_hard_bugtrap,19
field_onlstm,focal,1.0,24,True,21,21,0.5593895358931105,0.5593895358931105,1.0,0,C_hard_bugtrap,19
field_onlstm,focal,1.1,24,True,12,12,0.5805685535691333,0.5593895358931105,1.0378609471880964,0,C_hard_bugtrap,19
field_onlstm,astar,,32,True,12,12,0.580667546517254,0.5593895358931105,1.0380379132229771,0,C_hard_bugtrap,19
field_onlstm,focal,1.0,32,True,21,21,0.5593895358931105,0.5593895358931105,1.0,0,C_hard_bugtrap,19
field_onlstm,focal,1.1,32,True,12,12,0.5805685535691333,0.5593895358931105,1.0378609471880964,0,C_hard_bugtrap,19
field_hrm,astar,,24,True,10,10,0.5805685535691333,0.5593895358931105,1.0378609471880964,0,C_hard_bugtrap,19
field_hrm,focal,1.0,24,True,21,21,0.5593895358931105,0.5593895358931105,1.0,0,C_hard_bugtrap,19
field_hrm,focal,1.1,24,True,15,15,0.565694653166651,0.5593895358931105,1.0112714251321737,0,C_hard_bugtrap,19
field_hrm,astar,,32,True,10,10,0.5805685535691333,0.5593895358931105,1.0378609471880964,0,C_hard_bugtrap,19
field_hrm,focal,1.0,32,True,21,21,0.5593895358931105,0.5593895358931105,1.0,0,C_hard_bugtrap,19
field_hrm,focal,1.1,32,True,15,15,0.565694653166651,0.5593895358931105,1.0112714251321737,0,C_hard_bugtrap,19
euclid,astar,,24,True,8,8,0.5946383182595009,0.5946383182595009,1.0,0,C_hard_bugtrap,20
euclid,focal,1.0,24,True,8,8,0.5946383182595009,0.5946383182595009,1.0,0,C_hard_bugtrap,20
euclid,focal,1.1,24,True,6,6,0.616486293436604,0.5946383182595009,1.0367416200843764,0,C_hard_bugtrap,20
euclid,astar,,32,True,8,8,0.5946383182595009,0.5946383182595009,1.0,0,C_hard_bugtrap,20
euclid,focal,1.0,32,True,8,8,0.5946383182595009,0.5946383182595009,1.0,0,C_hard_bugtrap,20
euclid,focal,1.1,32,True,6,6,0.616486293436604,0.5946383182595009,1.0367416200843764,0,C_hard_bugtrap,20
oracle,astar,,24,True,6,6,0.5946383182595009,0.5946383182595009,1.0,0,C_hard_bugtrap,20
oracle,focal,1.0,24,True,8,8,0.5946383182595009,0.5946383182595009,1.0,0,C_hard_bugtrap,20
oracle,focal,1.1,24,True,6,6,0.616486293436604,0.5946383182595009,1.0367416200843764,0,C_hard_bugtrap,20
oracle,astar,,32,True,6,6,0.5946383182595009,0.5946383182595009,1.0,0,C_hard_bugtrap,20
oracle,focal,1.0,32,True,8,8,0.5946383182595009,0.5946383182595009,1.0,0,C_hard_bugtrap,20
oracle,focal,1.1,32,True,6,6,0.616486293436604,0.5946383182595009,1.0367416200843764,0,C_hard_bugtrap,20
scalar_hrm,astar,,24,True,6,6,0.5946383182595009,0.5946383182595009,1.0,0,C_hard_bugtrap,20
scalar_hrm,focal,1.0,24,True,8,8,0.5946383182595009,0.5946383182595009,1.0,0,C_hard_bugtrap,20
scalar_hrm,focal,1.1,24,True,6,6,0.616486293436604,0.5946383182595009,1.0367416200843764,0,C_hard_bugtrap,20
scalar_hrm,astar,,32,True,6,6,0.5946383182595009,0.5946383182595009,1.0,0,C_hard_bugtrap,20
scalar_hrm,focal,1.0,32,True,8,8,0.5946383182595009,0.5946383182595009,1.0,0,C_hard_bugtrap,20
scalar_hrm,focal,1.1,32,True,6,6,0.616486293436604,0.5946383182595009,1.0367416200843764,0,C_hard_bugtrap,20
scalar_onlstm,astar,,24,True,6,6,0.5946383182595009,0.5946383182595009,1.0,0,C_hard_bugtrap,20
scalar_onlstm,focal,1.0,24,True,8,8,0.5946383182595009,0.5946383182595009,1.0,0,C_hard_bugtrap,20
scalar_onlstm,focal,1.1,24,True,6,6,0.616486293436604,0.5946383182595009,1.0367416200843764,0,C_hard_bugtrap,20
scalar_onlstm,astar,,32,True,6,6,0.5946383182595009,0.5946383182595009,1.0,0,C_hard_bugtrap,20
scalar_onlstm,focal,1.0,32,True,8,8,0.5946383182595009,0.5946383182595009,1.0,0,C_hard_bugtrap,20
scalar_onlstm,focal,1.1,32,True,6,6,0.616486293436604,0.5946383182595009,1.0367416200843764,0,C_hard_bugtrap,20
field_unet,astar,,24,True,7,7,0.6938141128716201,0.5946383182595009,1.16678339011587,0,C_hard_bugtrap,20
field_unet,focal,1.0,24,True,8,8,0.5946383182595009,0.5946383182595009,1.0,0,C_hard_bugtrap,20
field_unet,focal,1.1,24,True,6,6,0.616486293436604,0.5946383182595009,1.0367416200843764,0,C_hard_bugtrap,20
field_unet,astar,,32,True,7,7,0.6938141128716201,0.5946383182595009,1.16678339011587,0,C_hard_bugtrap,20
field_unet,focal,1.0,32,True,8,8,0.5946383182595009,0.5946383182595009,1.0,0,C_hard_bugtrap,20
field_unet,focal,1.1,32,True,6,6,0.616486293436604,0.5946383182595009,1.0367416200843764,0,C_hard_bugtrap,20
field_onlstm,astar,,24,True,6,6,0.616486293436604,0.5946383182595009,1.0367416200843764,0,C_hard_bugtrap,20
field_onlstm,focal,1.0,24,True,8,8,0.5946383182595009,0.5946383182595009,1.0,0,C_hard_bugtrap,20
field_onlstm,focal,1.1,24,True,6,6,0.616486293436604,0.5946383182595009,1.0367416200843764,0,C_hard_bugtrap,20
field_onlstm,astar,,32,True,6,6,0.616486293436604,0.5946383182595009,1.0367416200843764,0,C_hard_bugtrap,20
field_onlstm,focal,1.0,32,True,8,8,0.5946383182595009,0.5946383182595009,1.0,0,C_hard_bugtrap,20
field_onlstm,focal,1.1,32,True,6,6,0.616486293436604,0.5946383182595009,1.0367416200843764,0,C_hard_bugtrap,20
field_hrm,astar,,24,True,6,6,0.636137312422403,0.5946383182595009,1.0697886309855866,0,C_hard_bugtrap,20
field_hrm,focal,1.0,24,True,8,8,0.5946383182595009,0.5946383182595009,1.0,0,C_hard_bugtrap,20
field_hrm,focal,1.1,24,True,6,6,0.616486293436604,0.5946383182595009,1.0367416200843764,0,C_hard_bugtrap,20
field_hrm,astar,,32,True,6,6,0.636137312422403,0.5946383182595009,1.0697886309855866,0,C_hard_bugtrap,20
field_hrm,focal,1.0,32,True,8,8,0.5946383182595009,0.5946383182595009,1.0,0,C_hard_bugtrap,20
field_hrm,focal,1.1,32,True,6,6,0.616486293436604,0.5946383182595009,1.0367416200843764,0,C_hard_bugtrap,20
euclid,astar,,24,True,15,15,0.5511239991069824,0.5511239991069824,1.0,0,C_hard_bugtrap,21
euclid,focal,1.0,24,True,15,15,0.5511239991069824,0.5511239991069824,1.0,0,C_hard_bugtrap,21
euclid,focal,1.1,24,True,11,11,0.5687892211461167,0.5511239991069824,1.032053080736383,0,C_hard_bugtrap,21
euclid,astar,,32,True,15,15,0.5511239991069824,0.5511239991069824,1.0,0,C_hard_bugtrap,21
euclid,focal,1.0,32,True,15,15,0.5511239991069824,0.5511239991069824,1.0,0,C_hard_bugtrap,21
euclid,focal,1.1,32,True,11,11,0.5687892211461167,0.5511239991069824,1.032053080736383,0,C_hard_bugtrap,21
oracle,astar,,24,True,8,8,0.5511239991069824,0.5511239991069824,1.0,0,C_hard_bugtrap,21
oracle,focal,1.0,24,True,15,15,0.5511239991069824,0.5511239991069824,1.0,0,C_hard_bugtrap,21
oracle,focal,1.1,24,True,11,11,0.55536408166387,0.5511239991069824,1.007693518271311,0,C_hard_bugtrap,21
oracle,astar,,32,True,8,8,0.5511239991069824,0.5511239991069824,1.0,0,C_hard_bugtrap,21
oracle,focal,1.0,32,True,15,15,0.5511239991069824,0.5511239991069824,1.0,0,C_hard_bugtrap,21
oracle,focal,1.1,32,True,11,11,0.55536408166387,0.5511239991069824,1.007693518271311,0,C_hard_bugtrap,21
scalar_hrm,astar,,24,True,13,13,0.5880531621078436,0.5511239991069824,1.0670069949062273,0,C_hard_bugtrap,21
scalar_hrm,focal,1.0,24,True,15,15,0.5511239991069824,0.5511239991069824,1.0,0,C_hard_bugtrap,21
scalar_hrm,focal,1.1,24,True,11,11,0.5687892211461167,0.5511239991069824,1.032053080736383,0,C_hard_bugtrap,21
scalar_hrm,astar,,32,True,13,13,0.5880531621078436,0.5511239991069824,1.0670069949062273,0,C_hard_bugtrap,21
scalar_hrm,focal,1.0,32,True,15,15,0.5511239991069824,0.5511239991069824,1.0,0,C_hard_bugtrap,21
scalar_hrm,focal,1.1,32,True,11,11,0.5687892211461167,0.5511239991069824,1.032053080736383,0,C_hard_bugtrap,21
scalar_onlstm,astar,,24,True,15,15,0.5880531621078436,0.5511239991069824,1.0670069949062273,0,C_hard_bugtrap,21
scalar_onlstm,focal,1.0,24,True,15,15,0.5511239991069824,0.5511239991069824,1.0,0,C_hard_bugtrap,21
scalar_onlstm,focal,1.1,24,True,11,11,0.5687892211461167,0.5511239991069824,1.032053080736383,0,C_hard_bugtrap,21
scalar_onlstm,astar,,32,True,15,15,0.5880531621078436,0.5511239991069824,1.0670069949062273,0,C_hard_bugtrap,21
scalar_onlstm,focal,1.0,32,True,15,15,0.5511239991069824,0.5511239991069824,1.0,0,C_hard_bugtrap,21
scalar_onlstm,focal,1.1,32,True,11,11,0.5687892211461167,0.5511239991069824,1.032053080736383,0,C_hard_bugtrap,21
field_unet,astar,,24,True,13,13,0.6045565299975756,0.5511239991069824,1.0969519218491173,0,C_hard_bugtrap,21
field_unet,focal,1.0,24,True,15,15,0.5511239991069824,0.5511239991069824,1.0,0,C_hard_bugtrap,21
field_unet,focal,1.1,24,True,16,16,0.5949687638470098,0.5511239991069824,1.0795551723588006,0,C_hard_bugtrap,21
field_unet,astar,,32,True,13,13,0.6045565299975756,0.5511239991069824,1.0969519218491173,0,C_hard_bugtrap,21
field_unet,focal,1.0,32,True,15,15,0.5511239991069824,0.5511239991069824,1.0,0,C_hard_bugtrap,21
field_unet,focal,1.1,32,True,16,16,0.5949687638470098,0.5511239991069824,1.0795551723588006,0,C_hard_bugtrap,21
field_onlstm,astar,,24,True,9,9,0.55536408166387,0.5511239991069824,1.007693518271311,0,C_hard_bugtrap,21
field_onlstm,focal,1.0,24,True,15,15,0.5511239991069824,0.5511239991069824,1.0,0,C_hard_bugtrap,21
field_onlstm,focal,1.1,24,True,11,11,0.55536408166387,0.5511239991069824,1.007693518271311,0,C_hard_bugtrap,21
field_onlstm,astar,,32,True,9,9,0.55536408166387,0.5511239991069824,1.007693518271311,0,C_hard_bugtrap,21
field_onlstm,focal,1.0,32,True,15,15,0.5511239991069824,0.5511239991069824,1.0,0,C_hard_bugtrap,21
field_onlstm,focal,1.1,32,True,11,11,0.55536408166387,0.5511239991069824,1.007693518271311,0,C_hard_bugtrap,21
field_hrm,astar,,24,True,8,8,0.6505578657212103,0.5511239991069824,1.1804201355327408,0,C_hard_bugtrap,21
field_hrm,focal,1.0,24,True,15,15,0.5511239991069824,0.5511239991069824,1.0,0,C_hard_bugtrap,21
field_hrm,focal,1.1,24,True,11,11,0.5687892211461167,0.5511239991069824,1.032053080736383,0,C_hard_bugtrap,21
field_hrm,astar,,32,True,8,8,0.6505578657212103,0.5511239991069824,1.1804201355327408,0,C_hard_bugtrap,21
field_hrm,focal,1.0,32,True,15,15,0.5511239991069824,0.5511239991069824,1.0,0,C_hard_bugtrap,21
field_hrm,focal,1.1,32,True,11,11,0.5687892211461167,0.5511239991069824,1.032053080736383,0,C_hard_bugtrap,21
euclid,astar,,24,False,24,24,nan,0.7197225773914433,nan,0,C_hard_bugtrap,22
euclid,focal,1.0,24,False,24,24,nan,0.7197225773914433,nan,0,C_hard_bugtrap,22
euclid,focal,1.1,24,False,24,24,nan,0.7197225773914433,nan,0,C_hard_bugtrap,22
euclid,astar,,32,True,29,29,0.7197225773914432,0.7197225773914433,0.9999999999999999,0,C_hard_bugtrap,22
euclid,focal,1.0,32,True,29,29,0.7197225773914432,0.7197225773914433,0.9999999999999999,0,C_hard_bugtrap,22
euclid,focal,1.1,32,True,26,26,0.7676102498917715,0.7197225773914433,1.0665362932949691,0,C_hard_bugtrap,22
oracle,astar,,24,True,8,8,0.7197225773914432,0.7197225773914433,0.9999999999999999,0,C_hard_bugtrap,22
oracle,focal,1.0,24,False,24,24,nan,0.7197225773914433,nan,0,C_hard_bugtrap,22
oracle,focal,1.1,24,False,24,24,nan,0.7197225773914433,nan,0,C_hard_bugtrap,22
oracle,astar,,32,True,8,8,0.7197225773914432,0.7197225773914433,0.9999999999999999,0,C_hard_bugtrap,22
oracle,focal,1.0,32,True,29,29,0.7197225773914432,0.7197225773914433,0.9999999999999999,0,C_hard_bugtrap,22
oracle,focal,1.1,32,True,26,26,0.7353682098625228,0.7197225773914433,1.0217384211119032,0,C_hard_bugtrap,22
scalar_hrm,astar,,24,True,23,23,0.7353682098625228,0.7197225773914433,1.0217384211119032,0,C_hard_bugtrap,22
scalar_hrm,focal,1.0,24,False,24,24,nan,0.7197225773914433,nan,0,C_hard_bugtrap,22
scalar_hrm,focal,1.1,24,False,24,24,nan,0.7197225773914433,nan,0,C_hard_bugtrap,22
scalar_hrm,astar,,32,True,23,23,0.7353682098625228,0.7197225773914433,1.0217384211119032,0,C_hard_bugtrap,22
scalar_hrm,focal,1.0,32,True,29,29,0.7197225773914432,0.7197225773914433,0.9999999999999999,0,C_hard_bugtrap,22
scalar_hrm,focal,1.1,32,True,26,26,0.7676102498917715,0.7197225773914433,1.0665362932949691,0,C_hard_bugtrap,22
scalar_onlstm,astar,,24,True,13,13,0.7818216679932438,0.7197225773914433,1.0862819821866252,0,C_hard_bugtrap,22
scalar_onlstm,focal,1.0,24,False,24,24,nan,0.7197225773914433,nan,0,C_hard_bugtrap,22
scalar_onlstm,focal,1.1,24,False,24,24,nan,0.7197225773914433,nan,0,C_hard_bugtrap,22
scalar_onlstm,astar,,32,True,13,13,0.7818216679932438,0.7197225773914433,1.0862819821866252,0,C_hard_bugtrap,22
scalar_onlstm,focal,1.0,32,True,29,29,0.7197225773914432,0.7197225773914433,0.9999999999999999,0,C_hard_bugtrap,22
scalar_onlstm,focal,1.1,32,True,26,26,0.7676102498917715,0.7197225773914433,1.0665362932949691,0,C_hard_bugtrap,22
field_unet,astar,,24,False,24,24,nan,0.7197225773914433,nan,0,C_hard_bugtrap,22
field_unet,focal,1.0,24,False,24,24,nan,0.7197225773914433,nan,0,C_hard_bugtrap,22
field_unet,focal,1.1,24,False,24,24,nan,0.7197225773914433,nan,0,C_hard_bugtrap,22
field_unet,astar,,32,True,28,28,0.982413485707657,0.7197225773914433,1.3649891174295359,0,C_hard_bugtrap,22
field_unet,focal,1.0,32,True,29,29,0.7197225773914432,0.7197225773914433,0.9999999999999999,0,C_hard_bugtrap,22
field_unet,focal,1.1,32,True,26,26,0.7676102498917715,0.7197225773914433,1.0665362932949691,0,C_hard_bugtrap,22
field_onlstm,astar,,24,True,19,19,0.7197225773914432,0.7197225773914433,0.9999999999999999,0,C_hard_bugtrap,22
field_onlstm,focal,1.0,24,False,24,24,nan,0.7197225773914433,nan,0,C_hard_bugtrap,22
field_onlstm,focal,1.1,24,False,24,24,nan,0.7197225773914433,nan,0,C_hard_bugtrap,22
field_onlstm,astar,,32,True,19,19,0.7197225773914432,0.7197225773914433,0.9999999999999999,0,C_hard_bugtrap,22
field_onlstm,focal,1.0,32,True,29,29,0.7197225773914432,0.7197225773914433,0.9999999999999999,0,C_hard_bugtrap,22
field_onlstm,focal,1.1,32,True,28,28,0.7519646174206921,0.7197225773914433,1.0447978721830662,0,C_hard_bugtrap,22
field_hrm,astar,,24,True,22,22,0.764721731003924,0.7197225773914433,1.0625229151148423,0,C_hard_bugtrap,22
field_hrm,focal,1.0,24,False,24,24,nan,0.7197225773914433,nan,0,C_hard_bugtrap,22
field_hrm,focal,1.1,24,False,24,24,nan,0.7197225773914433,nan,0,C_hard_bugtrap,22
field_hrm,astar,,32,True,22,22,0.764721731003924,0.7197225773914433,1.0625229151148423,0,C_hard_bugtrap,22
field_hrm,focal,1.0,32,True,29,29,0.7197225773914432,0.7197225773914433,0.9999999999999999,0,C_hard_bugtrap,22
field_hrm,focal,1.1,32,True,26,26,0.7353682098625228,0.7197225773914433,1.0217384211119032,0,C_hard_bugtrap,22
euclid,astar,,24,True,7,7,0.4781446688514992,0.4781446688514992,1.0,0,C_hard_bugtrap,23
euclid,focal,1.0,24,True,7,7,0.4781446688514992,0.4781446688514992,1.0,0,C_hard_bugtrap,23
euclid,focal,1.1,24,True,5,5,0.492029588181961,0.4781446688514992,1.0290391595577408,0,C_hard_bugtrap,23
euclid,astar,,32,True,7,7,0.4781446688514992,0.4781446688514992,1.0,0,C_hard_bugtrap,23
euclid,focal,1.0,32,True,7,7,0.4781446688514992,0.4781446688514992,1.0,0,C_hard_bugtrap,23
euclid,focal,1.1,32,True,5,5,0.492029588181961,0.4781446688514992,1.0290391595577408,0,C_hard_bugtrap,23
oracle,astar,,24,True,5,5,0.4781446688514992,0.4781446688514992,1.0,0,C_hard_bugtrap,23
oracle,focal,1.0,24,True,7,7,0.4781446688514992,0.4781446688514992,1.0,0,C_hard_bugtrap,23
oracle,focal,1.1,24,True,5,5,0.492029588181961,0.4781446688514992,1.0290391595577408,0,C_hard_bugtrap,23
oracle,astar,,32,True,5,5,0.4781446688514992,0.4781446688514992,1.0,0,C_hard_bugtrap,23
oracle,focal,1.0,32,True,7,7,0.4781446688514992,0.4781446688514992,1.0,0,C_hard_bugtrap,23
oracle,focal,1.1,32,True,5,5,0.492029588181961,0.4781446688514992,1.0290391595577408,0,C_hard_bugtrap,23
scalar_hrm,astar,,24,True,6,6,0.4781446688514992,0.4781446688514992,1.0,0,C_hard_bugtrap,23
scalar_hrm,focal,1.0,24,True,7,7,0.4781446688514992,0.4781446688514992,1.0,0,C_hard_bugtrap,23
scalar_hrm,focal,1.1,24,True,5,5,0.492029588181961,0.4781446688514992,1.0290391595577408,0,C_hard_bugtrap,23
scalar_hrm,astar,,32,True,6,6,0.4781446688514992,0.4781446688514992,1.0,0,C_hard_bugtrap,23
scalar_hrm,focal,1.0,32,True,7,7,0.4781446688514992,0.4781446688514992,1.0,0,C_hard_bugtrap,23
scalar_hrm,focal,1.1,32,True,5,5,0.492029588181961,0.4781446688514992,1.0290391595577408,0,C_hard_bugtrap,23
scalar_onlstm,astar,,24,True,6,6,0.4781446688514992,0.4781446688514992,1.0,0,C_hard_bugtrap,23
scalar_onlstm,focal,1.0,24,True,7,7,0.4781446688514992,0.4781446688514992,1.0,0,C_hard_bugtrap,23
scalar_onlstm,focal,1.1,24,True,5,5,0.492029588181961,0.4781446688514992,1.0290391595577408,0,C_hard_bugtrap,23
scalar_onlstm,astar,,32,True,6,6,0.4781446688514992,0.4781446688514992,1.0,0,C_hard_bugtrap,23
scalar_onlstm,focal,1.0,32,True,7,7,0.4781446688514992,0.4781446688514992,1.0,0,C_hard_bugtrap,23
scalar_onlstm,focal,1.1,32,True,5,5,0.492029588181961,0.4781446688514992,1.0290391595577408,0,C_hard_bugtrap,23
field_unet,astar,,24,True,7,7,0.492029588181961,0.4781446688514992,1.0290391595577408,0,C_hard_bugtrap,23
field_unet,focal,1.0,24,True,7,7,0.4781446688514992,0.4781446688514992,1.0,0,C_hard_bugtrap,23
field_unet,focal,1.1,24,True,5,5,0.492029588181961,0.4781446688514992,1.0290391595577408,0,C_hard_bugtrap,23
field_unet,astar,,32,True,7,7,0.492029588181961,0.4781446688514992,1.0290391595577408,0,C_hard_bugtrap,23
field_unet,focal,1.0,32,True,7,7,0.4781446688514992,0.4781446688514992,1.0,0,C_hard_bugtrap,23
field_unet,focal,1.1,32,True,5,5,0.492029588181961,0.4781446688514992,1.0290391595577408,0,C_hard_bugtrap,23
field_onlstm,astar,,24,True,11,11,0.492029588181961,0.4781446688514992,1.0290391595577408,0,C_hard_bugtrap,23
field_onlstm,focal,1.0,24,True,7,7,0.4781446688514992,0.4781446688514992,1.0,0,C_hard_bugtrap,23
field_onlstm,focal,1.1,24,True,7,7,0.492029588181961,0.4781446688514992,1.0290391595577408,0,C_hard_bugtrap,23
field_onlstm,astar,,32,True,11,11,0.492029588181961,0.4781446688514992,1.0290391595577408,0,C_hard_bugtrap,23
field_onlstm,focal,1.0,32,True,7,7,0.4781446688514992,0.4781446688514992,1.0,0,C_hard_bugtrap,23
field_onlstm,focal,1.1,32,True,7,7,0.492029588181961,0.4781446688514992,1.0290391595577408,0,C_hard_bugtrap,23
field_hrm,astar,,24,True,5,5,0.4781446688514992,0.4781446688514992,1.0,0,C_hard_bugtrap,23
field_hrm,focal,1.0,24,True,7,7,0.4781446688514992,0.4781446688514992,1.0,0,C_hard_bugtrap,23
field_hrm,focal,1.1,24,True,5,5,0.4781446688514992,0.4781446688514992,1.0,0,C_hard_bugtrap,23
field_hrm,astar,,32,True,5,5,0.4781446688514992,0.4781446688514992,1.0,0,C_hard_bugtrap,23
field_hrm,focal,1.0,32,True,7,7,0.4781446688514992,0.4781446688514992,1.0,0,C_hard_bugtrap,23
field_hrm,focal,1.1,32,True,5,5,0.4781446688514992,0.4781446688514992,1.0,0,C_hard_bugtrap,23
