group,K,method,adapt_seed,instance,map,seed,arm,solved_bigb,expansions,arrival,optimal_arrival
dao,1,lora,0,0,den520d.map,31000000,adapted_lora,True,247,27,26
dao,1,lora,0,1,den312d.map,31000002,adapted_lora,True,69,22,22
dao,1,lora,0,2,den520d.map,31000003,adapted_lora,True,659,23,22
dao,1,lora,0,3,den520d.map,31000006,adapted_lora,True,26,20,20
dao,1,lora,0,4,den520d.map,31000009,adapted_lora,True,1694,29,28
dao,1,lora,0,5,den312d.map,31000014,adapted_lora,True,210,20,20
dao,1,lora,0,6,den520d.map,31000015,adapted_lora,True,1656,28,28
dao,1,lora,0,7,den312d.map,31000017,adapted_lora,True,600,20,18
dao,1,lora,0,8,den520d.map,31000018,adapted_lora,True,1325,22,22
dao,1,lora,0,9,den312d.map,31000020,adapted_lora,True,837,37,31
dao,1,lora,0,10,den520d.map,31000021,adapted_lora,True,121,25,21
dao,1,lora,0,11,den312d.map,31000023,adapted_lora,True,268,21,20
dao,1,lora,0,12,den520d.map,31000024,adapted_lora,True,565,36,30
dao,1,lora,0,13,den312d.map,31000026,adapted_lora,True,620,16,14
dao,1,lora,0,14,den520d.map,31000027,adapted_lora,True,1243,43,42
dao,1,lora,0,15,den520d.map,31000030,adapted_lora,True,1021,32,31
dao,1,lora,0,16,den520d.map,31000033,adapted_lora,True,99,15,14
dao,1,lora,0,17,den520d.map,31000036,adapted_lora,True,943,34,30
dao,1,lora,0,18,den520d.map,31000039,adapted_lora,True,709,25,23
dao,1,lora,0,19,den520d.map,31000042,adapted_lora,True,1902,42,40
dao,1,lora,0,20,den520d.map,31000045,adapted_lora,True,226,19,19
dao,1,lora,0,21,den312d.map,31000047,adapted_lora,True,897,30,30
dao,1,lora,0,22,den520d.map,31000048,adapted_lora,True,112,21,20
dao,1,lora,0,23,den312d.map,31000050,adapted_lora,True,1271,26,26
dao,1,lora,0,24,den520d.map,31000051,adapted_lora,True,204,14,14
dao,1,lora,1,0,den520d.map,31000000,adapted_lora,True,241,27,26
dao,1,lora,1,1,den312d.map,31000002,adapted_lora,True,69,22,22
dao,1,lora,1,2,den520d.map,31000003,adapted_lora,True,520,23,22
dao,1,lora,1,3,den520d.map,31000006,adapted_lora,True,27,20,20
dao,1,lora,1,4,den520d.map,31000009,adapted_lora,True,1638,29,28
dao,1,lora,1,5,den312d.map,31000014,adapted_lora,True,176,20,20
dao,1,lora,1,6,den520d.map,31000015,adapted_lora,True,1598,28,28
dao,1,lora,1,7,den312d.map,31000017,adapted_lora,True,702,20,18
dao,1,lora,1,8,den520d.map,31000018,adapted_lora,True,1227,22,22
dao,1,lora,1,9,den312d.map,31000020,adapted_lora,True,921,37,31
dao,1,lora,1,10,den520d.map,31000021,adapted_lora,True,127,25,21
dao,1,lora,1,11,den312d.map,31000023,adapted_lora,True,284,20,20
dao,1,lora,1,12,den520d.map,31000024,adapted_lora,True,689,34,30
dao,1,lora,1,13,den312d.map,31000026,adapted_lora,True,731,16,14
dao,1,lora,1,14,den520d.map,31000027,adapted_lora,True,1155,44,42
dao,1,lora,1,15,den520d.map,31000030,adapted_lora,True,1130,31,31
dao,1,lora,1,16,den520d.map,31000033,adapted_lora,True,104,15,14
dao,1,lora,1,17,den520d.map,31000036,adapted_lora,True,924,35,30
dao,1,lora,1,18,den520d.map,31000039,adapted_lora,True,548,25,23
dao,1,lora,1,19,den520d.map,31000042,adapted_lora,True,1701,42,40
dao,1,lora,1,20,den520d.map,31000045,adapted_lora,True,263,19,19
dao,1,lora,1,21,den312d.map,31000047,adapted_lora,True,894,30,30
dao,1,lora,1,22,den520d.map,31000048,adapted_lora,True,119,21,20
dao,1,lora,1,23,den312d.map,31000050,adapted_lora,True,1210,28,26
dao,1,lora,1,24,den520d.map,31000051,adapted_lora,True,48,14,14
dao,1,full_ft,0,0,den520d.map,31000000,adapted_full_ft,True,302,28,26
dao,1,full_ft,0,1,den312d.map,31000002,adapted_full_ft,True,111,22,22
dao,1,full_ft,0,2,den520d.map,31000003,adapted_full_ft,True,343,22,22
dao,1,full_ft,0,3,den520d.map,31000006,adapted_full_ft,True,273,30,20
dao,1,full_ft,0,4,den520d.map,31000009,adapted_full_ft,True,1845,29,28
dao,1,full_ft,0,5,den312d.map,31000014,adapted_full_ft,True,128,20,20
dao,1,full_ft,0,6,den520d.map,31000015,adapted_full_ft,True,1870,28,28
dao,1,full_ft,0,7,den312d.map,31000017,adapted_full_ft,True,646,20,18
dao,1,full_ft,0,8,den520d.map,31000018,adapted_full_ft,True,1377,27,22
dao,1,full_ft,0,9,den312d.map,31000020,adapted_full_ft,True,1088,33,31
dao,1,full_ft,0,10,den520d.map,31000021,adapted_full_ft,True,601,25,21
dao,1,full_ft,0,11,den312d.map,31000023,adapted_full_ft,True,473,21,20
dao,1,full_ft,0,12,den520d.map,31000024,adapted_full_ft,True,131,31,30
dao,1,full_ft,0,13,den312d.map,31000026,adapted_full_ft,True,605,23,14
dao,1,full_ft,0,14,den520d.map,31000027,adapted_full_ft,True,1283,44,42
dao,1,full_ft,0,15,den520d.map,31000030,adapted_full_ft,True,213,32,31
dao,1,full_ft,0,16,den520d.map,31000033,adapted_full_ft,True,439,18,14
dao,1,full_ft,0,17,den520d.map,31000036,adapted_full_ft,True,847,30,30
dao,1,full_ft,0,18,den520d.map,31000039,adapted_full_ft,True,603,24,23
dao,1,full_ft,0,19,den520d.map,31000042,adapted_full_ft,True,3916,43,40
dao,1,full_ft,0,20,den520d.map,31000045,adapted_full_ft,True,1315,19,19
dao,1,full_ft,0,21,den312d.map,31000047,adapted_full_ft,True,395,30,30
dao,1,full_ft,0,22,den520d.map,31000048,adapted_full_ft,True,284,21,20
dao,1,full_ft,0,23,den312d.map,31000050,adapted_full_ft,True,1848,27,26
dao,1,full_ft,0,24,den520d.map,31000051,adapted_full_ft,True,216,14,14
dao,1,full_ft,1,0,den520d.map,31000000,adapted_full_ft,True,147,26,26
dao,1,full_ft,1,1,den312d.map,31000002,adapted_full_ft,True,100,22,22
dao,1,full_ft,1,2,den520d.map,31000003,adapted_full_ft,True,283,23,22
dao,1,full_ft,1,3,den520d.map,31000006,adapted_full_ft,True,176,30,20
dao,1,full_ft,1,4,den520d.map,31000009,adapted_full_ft,True,2010,29,28
dao,1,full_ft,1,5,den312d.map,31000014,adapted_full_ft,True,86,20,20
dao,1,full_ft,1,6,den520d.map,31000015,adapted_full_ft,True,2235,28,28
dao,1,full_ft,1,7,den312d.map,31000017,adapted_full_ft,True,730,19,18
dao,1,full_ft,1,8,den520d.map,31000018,adapted_full_ft,True,1506,25,22
dao,1,full_ft,1,9,den312d.map,31000020,adapted_full_ft,True,976,37,31
dao,1,full_ft,1,10,den520d.map,31000021,adapted_full_ft,True,383,21,21
dao,1,full_ft,1,11,den312d.map,31000023,adapted_full_ft,True,399,20,20
dao,1,full_ft,1,12,den520d.map,31000024,adapted_full_ft,True,454,43,30
dao,1,full_ft,1,13,den312d.map,31000026,adapted_full_ft,True,756,15,14
dao,1,full_ft,1,14,den520d.map,31000027,adapted_full_ft,True,2075,44,42
dao,1,full_ft,1,15,den520d.map,31000030,adapted_full_ft,True,146,32,31
dao,1,full_ft,1,16,den520d.map,31000033,adapted_full_ft,True,682,18,14
dao,1,full_ft,1,17,den520d.map,31000036,adapted_full_ft,True,1128,30,30
dao,1,full_ft,1,18,den520d.map,31000039,adapted_full_ft,True,605,23,23
dao,1,full_ft,1,19,den520d.map,31000042,adapted_full_ft,True,3496,42,40
dao,1,full_ft,1,20,den520d.map,31000045,adapted_full_ft,True,869,20,19
dao,1,full_ft,1,21,den312d.map,31000047,adapted_full_ft,True,284,30,30
dao,1,full_ft,1,22,den520d.map,31000048,adapted_full_ft,True,429,24,20
dao,1,full_ft,1,23,den312d.map,31000050,adapted_full_ft,True,1990,29,26
dao,1,full_ft,1,24,den520d.map,31000051,adapted_full_ft,True,125,14,14
dao,2,lora,0,0,den520d.map,31000000,adapted_lora,True,211,27,26
dao,2,lora,0,1,den312d.map,31000002,adapted_lora,True,34,22,22
dao,2,lora,0,2,den520d.map,31000003,adapted_lora,True,152,22,22
dao,2,lora,0,3,den520d.map,31000006,adapted_lora,True,276,20,20
dao,2,lora,0,4,den520d.map,31000009,adapted_lora,True,1305,29,28
dao,2,lora,0,5,den312d.map,31000014,adapted_lora,True,80,20,20
dao,2,lora,0,6,den520d.map,31000015,adapted_lora,True,154,28,28
dao,2,lora,0,7,den312d.map,31000017,adapted_lora,True,162,18,18
dao,2,lora,0,8,den520d.map,31000018,adapted_lora,True,138,22,22
dao,2,lora,0,9,den312d.map,31000020,adapted_lora,True,640,32,31
dao,2,lora,0,10,den520d.map,31000021,adapted_lora,True,94,21,21
dao,2,lora,0,11,den312d.map,31000023,adapted_lora,True,211,21,20
dao,2,lora,0,12,den520d.map,31000024,adapted_lora,True,442,36,30
dao,2,lora,0,13,den312d.map,31000026,adapted_lora,True,191,14,14
dao,2,lora,0,14,den520d.map,31000027,adapted_lora,True,280,42,42
dao,2,lora,0,15,den520d.map,31000030,adapted_lora,True,1017,31,31
dao,2,lora,0,16,den520d.map,31000033,adapted_lora,True,96,14,14
dao,2,lora,0,17,den520d.map,31000036,adapted_lora,True,621,30,30
dao,2,lora,0,18,den520d.map,31000039,adapted_lora,True,574,24,23
dao,2,lora,0,19,den520d.map,31000042,adapted_lora,True,310,40,40
dao,2,lora,0,20,den520d.map,31000045,adapted_lora,True,335,19,19
dao,2,lora,0,21,den312d.map,31000047,adapted_lora,True,957,31,30
dao,2,lora,0,22,den520d.map,31000048,adapted_lora,True,477,22,20
dao,2,lora,0,23,den312d.map,31000050,adapted_lora,True,259,28,26
dao,2,lora,0,24,den520d.map,31000051,adapted_lora,True,248,14,14
dao,2,lora,1,0,den520d.map,31000000,adapted_lora,True,139,27,26
dao,2,lora,1,1,den312d.map,31000002,adapted_lora,True,35,22,22
dao,2,lora,1,2,den520d.map,31000003,adapted_lora,True,103,22,22
dao,2,lora,1,3,den520d.map,31000006,adapted_lora,True,258,20,20
dao,2,lora,1,4,den520d.map,31000009,adapted_lora,True,1235,29,28
dao,2,lora,1,5,den312d.map,31000014,adapted_lora,True,78,20,20
dao,2,lora,1,6,den520d.map,31000015,adapted_lora,True,171,28,28
dao,2,lora,1,7,den312d.map,31000017,adapted_lora,True,153,18,18
dao,2,lora,1,8,den520d.map,31000018,adapted_lora,True,150,22,22
dao,2,lora,1,9,den312d.map,31000020,adapted_lora,True,763,36,31
dao,2,lora,1,10,den520d.map,31000021,adapted_lora,True,79,25,21
dao,2,lora,1,11,den312d.map,31000023,adapted_lora,True,228,21,20
dao,2,lora,1,12,den520d.map,31000024,adapted_lora,True,491,34,30
dao,2,lora,1,13,den312d.map,31000026,adapted_lora,True,195,14,14
dao,2,lora,1,14,den520d.map,31000027,adapted_lora,True,268,42,42
dao,2,lora,1,15,den520d.map,31000030,adapted_lora,True,983,31,31
dao,2,lora,1,16,den520d.map,31000033,adapted_lora,True,77,14,14
dao,2,lora,1,17,den520d.map,31000036,adapted_lora,True,615,30,30
dao,2,lora,1,18,den520d.map,31000039,adapted_lora,True,583,24,23
dao,2,lora,1,19,den520d.map,31000042,adapted_lora,True,324,40,40
dao,2,lora,1,20,den520d.map,31000045,adapted_lora,True,281,19,19
dao,2,lora,1,21,den312d.map,31000047,adapted_lora,True,849,30,30
dao,2,lora,1,22,den520d.map,31000048,adapted_lora,True,474,22,20
dao,2,lora,1,23,den312d.map,31000050,adapted_lora,True,461,27,26
dao,2,lora,1,24,den520d.map,31000051,adapted_lora,True,12,14,14
dao,2,full_ft,0,0,den520d.map,31000000,adapted_full_ft,True,207,27,26
dao,2,full_ft,0,1,den312d.map,31000002,adapted_full_ft,True,59,22,22
dao,2,full_ft,0,2,den520d.map,31000003,adapted_full_ft,True,371,22,22
dao,2,full_ft,0,3,den520d.map,31000006,adapted_full_ft,True,123,20,20
dao,2,full_ft,0,4,den520d.map,31000009,adapted_full_ft,True,501,36,28
dao,2,full_ft,0,5,den312d.map,31000014,adapted_full_ft,True,111,21,20
dao,2,full_ft,0,6,den520d.map,31000015,adapted_full_ft,True,333,28,28
dao,2,full_ft,0,7,den312d.map,31000017,adapted_full_ft,True,220,21,18
dao,2,full_ft,0,8,den520d.map,31000018,adapted_full_ft,True,248,22,22
dao,2,full_ft,0,9,den312d.map,31000020,adapted_full_ft,True,404,32,31
dao,2,full_ft,0,10,den520d.map,31000021,adapted_full_ft,True,292,21,21
dao,2,full_ft,0,11,den312d.map,31000023,adapted_full_ft,True,68,20,20
dao,2,full_ft,0,12,den520d.map,31000024,adapted_full_ft,True,296,31,30
dao,2,full_ft,0,13,den312d.map,31000026,adapted_full_ft,True,15,15,14
dao,2,full_ft,0,14,den520d.map,31000027,adapted_full_ft,True,475,52,42
dao,2,full_ft,0,15,den520d.map,31000030,adapted_full_ft,True,901,32,31
dao,2,full_ft,0,16,den520d.map,31000033,adapted_full_ft,True,39,15,14
dao,2,full_ft,0,17,den520d.map,31000036,adapted_full_ft,True,369,31,30
dao,2,full_ft,0,18,den520d.map,31000039,adapted_full_ft,True,501,23,23
dao,2,full_ft,0,19,den520d.map,31000042,adapted_full_ft,True,346,40,40
dao,2,full_ft,0,20,den520d.map,31000045,adapted_full_ft,True,117,19,19
dao,2,full_ft,0,21,den312d.map,31000047,adapted_full_ft,True,432,30,30
dao,2,full_ft,0,22,den520d.map,31000048,adapted_full_ft,True,602,22,20
dao,2,full_ft,0,23,den312d.map,31000050,adapted_full_ft,True,200,29,26
dao,2,full_ft,0,24,den520d.map,31000051,adapted_full_ft,True,28,14,14
dao,2,full_ft,1,0,den520d.map,31000000,adapted_full_ft,True,132,27,26
dao,2,full_ft,1,1,den312d.map,31000002,adapted_full_ft,True,96,22,22
dao,2,full_ft,1,2,den520d.map,31000003,adapted_full_ft,True,501,28,22
dao,2,full_ft,1,3,den520d.map,31000006,adapted_full_ft,True,157,22,20
dao,2,full_ft,1,4,den520d.map,31000009,adapted_full_ft,True,550,36,28
dao,2,full_ft,1,5,den312d.map,31000014,adapted_full_ft,True,83,21,20
dao,2,full_ft,1,6,den520d.map,31000015,adapted_full_ft,True,227,28,28
dao,2,full_ft,1,7,den312d.map,31000017,adapted_full_ft,True,296,18,18
dao,2,full_ft,1,8,den520d.map,31000018,adapted_full_ft,True,243,22,22
dao,2,full_ft,1,9,den312d.map,31000020,adapted_full_ft,True,443,32,31
dao,2,full_ft,1,10,den520d.map,31000021,adapted_full_ft,True,358,25,21
dao,2,full_ft,1,11,den312d.map,31000023,adapted_full_ft,True,82,20,20
dao,2,full_ft,1,12,den520d.map,31000024,adapted_full_ft,True,179,31,30
dao,2,full_ft,1,13,den312d.map,31000026,adapted_full_ft,True,70,16,14
dao,2,full_ft,1,14,den520d.map,31000027,adapted_full_ft,True,424,52,42
dao,2,full_ft,1,15,den520d.map,31000030,adapted_full_ft,True,793,32,31
dao,2,full_ft,1,16,den520d.map,31000033,adapted_full_ft,True,51,14,14
dao,2,full_ft,1,17,den520d.map,31000036,adapted_full_ft,True,436,30,30
dao,2,full_ft,1,18,den520d.map,31000039,adapted_full_ft,True,335,23,23
dao,2,full_ft,1,19,den520d.map,31000042,adapted_full_ft,True,331,40,40
dao,2,full_ft,1,20,den520d.map,31000045,adapted_full_ft,True,70,20,19
dao,2,full_ft,1,21,den312d.map,31000047,adapted_full_ft,True,1513,30,30
dao,2,full_ft,1,22,den520d.map,31000048,adapted_full_ft,True,276,21,20
dao,2,full_ft,1,23,den312d.map,31000050,adapted_full_ft,True,118,27,26
dao,2,full_ft,1,24,den520d.map,31000051,adapted_full_ft,True,65,14,14
dao,4,lora,0,0,den520d.map,31000000,adapted_lora,True,274,26,26
dao,4,lora,0,1,den312d.map,31000002,adapted_lora,True,35,22,22
dao,4,lora,0,2,den520d.map,31000003,adapted_lora,True,379,22,22
dao,4,lora,0,3,den520d.map,31000006,adapted_lora,True,138,20,20
dao,4,lora,0,4,den520d.map,31000009,adapted_lora,True,953,29,28
dao,4,lora,0,5,den312d.map,31000014,adapted_lora,True,76,20,20
dao,4,lora,0,6,den520d.map,31000015,adapted_lora,True,114,28,28
dao,4,lora,0,7,den312d.map,31000017,adapted_lora,True,690,19,18
dao,4,lora,0,8,den520d.map,31000018,adapted_lora,True,56,22,22
dao,4,lora,0,9,den312d.map,31000020,adapted_lora,True,349,31,31
dao,4,lora,0,10,den520d.map,31000021,adapted_lora,True,145,21,21
dao,4,lora,0,11,den312d.map,31000023,adapted_lora,True,104,20,20
dao,4,lora,0,12,den520d.map,31000024,adapted_lora,True,619,30,30
dao,4,lora,0,13,den312d.map,31000026,adapted_lora,True,26,14,14
dao,4,lora,0,14,den520d.map,31000027,adapted_lora,True,219,42,42
dao,4,lora,0,15,den520d.map,31000030,adapted_lora,True,1479,32,31
dao,4,lora,0,16,den520d.map,31000033,adapted_lora,True,198,15,14
dao,4,lora,0,17,den520d.map,31000036,adapted_lora,True,330,30,30
dao,4,lora,0,18,den520d.map,31000039,adapted_lora,True,393,23,23
dao,4,lora,0,19,den520d.map,31000042,adapted_lora,True,406,40,40
dao,4,lora,0,20,den520d.map,31000045,adapted_lora,True,771,21,19
dao,4,lora,0,21,den312d.map,31000047,adapted_lora,True,271,30,30
dao,4,lora,0,22,den520d.map,31000048,adapted_lora,True,314,21,20
dao,4,lora,0,23,den312d.map,31000050,adapted_lora,True,283,27,26
dao,4,lora,0,24,den520d.map,31000051,adapted_lora,True,174,14,14
dao,4,lora,1,0,den520d.map,31000000,adapted_lora,True,182,26,26
dao,4,lora,1,1,den312d.map,31000002,adapted_lora,True,19,22,22
dao,4,lora,1,2,den520d.map,31000003,adapted_lora,True,273,22,22
dao,4,lora,1,3,den520d.map,31000006,adapted_lora,True,132,20,20
dao,4,lora,1,4,den520d.map,31000009,adapted_lora,True,808,29,28
dao,4,lora,1,5,den312d.map,31000014,adapted_lora,True,86,20,20
dao,4,lora,1,6,den520d.map,31000015,adapted_lora,True,189,28,28
dao,4,lora,1,7,den312d.map,31000017,adapted_lora,True,582,18,18
dao,4,lora,1,8,den520d.map,31000018,adapted_lora,True,58,22,22
dao,4,lora,1,9,den312d.map,31000020,adapted_lora,True,328,31,31
dao,4,lora,1,10,den520d.map,31000021,adapted_lora,True,98,21,21
dao,4,lora,1,11,den312d.map,31000023,adapted_lora,True,115,20,20
dao,4,lora,1,12,den520d.map,31000024,adapted_lora,True,700,30,30
dao,4,lora,1,13,den312d.map,31000026,adapted_lora,True,39,15,14
dao,4,lora,1,14,den520d.map,31000027,adapted_lora,True,217,42,42
dao,4,lora,1,15,den520d.map,31000030,adapted_lora,True,1494,33,31
dao,4,lora,1,16,den520d.map,31000033,adapted_lora,True,308,17,14
dao,4,lora,1,17,den520d.map,31000036,adapted_lora,True,375,30,30
dao,4,lora,1,18,den520d.map,31000039,adapted_lora,True,469,23,23
dao,4,lora,1,19,den520d.map,31000042,adapted_lora,True,415,40,40
dao,4,lora,1,20,den520d.map,31000045,adapted_lora,True,680,21,19
dao,4,lora,1,21,den312d.map,31000047,adapted_lora,True,333,30,30
dao,4,lora,1,22,den520d.map,31000048,adapted_lora,True,329,21,20
dao,4,lora,1,23,den312d.map,31000050,adapted_lora,True,344,27,26
dao,4,lora,1,24,den520d.map,31000051,adapted_lora,True,204,14,14
dao,4,full_ft,0,0,den520d.map,31000000,adapted_full_ft,True,141,28,26
dao,4,full_ft,0,1,den312d.map,31000002,adapted_full_ft,True,35,22,22
dao,4,full_ft,0,2,den520d.map,31000003,adapted_full_ft,True,460,31,22
dao,4,full_ft,0,3,den520d.map,31000006,adapted_full_ft,True,114,21,20
dao,4,full_ft,0,4,den520d.map,31000009,adapted_full_ft,True,768,28,28
dao,4,full_ft,0,5,den312d.map,31000014,adapted_full_ft,True,293,20,20
dao,4,full_ft,0,6,den520d.map,31000015,adapted_full_ft,True,269,28,28
dao,4,full_ft,0,7,den312d.map,31000017,adapted_full_ft,True,26,22,18
dao,4,full_ft,0,8,den520d.map,31000018,adapted_full_ft,True,129,22,22
dao,4,full_ft,0,9,den312d.map,31000020,adapted_full_ft,True,315,32,31
dao,4,full_ft,0,10,den520d.map,31000021,adapted_full_ft,True,285,25,21
dao,4,full_ft,0,11,den312d.map,31000023,adapted_full_ft,True,70,20,20
dao,4,full_ft,0,12,den520d.map,31000024,adapted_full_ft,True,280,31,30
dao,4,full_ft,0,13,den312d.map,31000026,adapted_full_ft,True,23,14,14
dao,4,full_ft,0,14,den520d.map,31000027,adapted_full_ft,True,297,43,42
dao,4,full_ft,0,15,den520d.map,31000030,adapted_full_ft,True,715,32,31
dao,4,full_ft,0,16,den520d.map,31000033,adapted_full_ft,True,128,17,14
dao,4,full_ft,0,17,den520d.map,31000036,adapted_full_ft,True,305,30,30
dao,4,full_ft,0,18,den520d.map,31000039,adapted_full_ft,True,427,23,23
dao,4,full_ft,0,19,den520d.map,31000042,adapted_full_ft,True,356,40,40
dao,4,full_ft,0,20,den520d.map,31000045,adapted_full_ft,True,197,20,19
dao,4,full_ft,0,21,den312d.map,31000047,adapted_full_ft,True,596,30,30
dao,4,full_ft,0,22,den520d.map,31000048,adapted_full_ft,True,368,22,20
dao,4,full_ft,0,23,den312d.map,31000050,adapted_full_ft,True,137,27,26
dao,4,full_ft,0,24,den520d.map,31000051,adapted_full_ft,True,44,14,14
dao,4,full_ft,1,0,den520d.map,31000000,adapted_full_ft,True,536,40,26
dao,4,full_ft,1,1,den312d.map,31000002,adapted_full_ft,True,20,22,22
dao,4,full_ft,1,2,den520d.map,31000003,adapted_full_ft,True,311,30,22
dao,4,full_ft,1,3,den520d.map,31000006,adapted_full_ft,True,83,22,20
dao,4,full_ft,1,4,den520d.map,31000009,adapted_full_ft,True,1074,29,28
dao,4,full_ft,1,5,den312d.map,31000014,adapted_full_ft,True,99,22,20
dao,4,full_ft,1,6,den520d.map,31000015,adapted_full_ft,True,337,28,28
dao,4,full_ft,1,7,den312d.map,31000017,adapted_full_ft,True,70,21,18
dao,4,full_ft,1,8,den520d.map,31000018,adapted_full_ft,True,160,22,22
dao,4,full_ft,1,9,den312d.map,31000020,adapted_full_ft,True,286,32,31
dao,4,full_ft,1,10,den520d.map,31000021,adapted_full_ft,True,279,25,21
dao,4,full_ft,1,11,den312d.map,31000023,adapted_full_ft,True,89,20,20
dao,4,full_ft,1,12,den520d.map,31000024,adapted_full_ft,True,306,32,30
dao,4,full_ft,1,13,den312d.map,31000026,adapted_full_ft,True,27,14,14
dao,4,full_ft,1,14,den520d.map,31000027,adapted_full_ft,True,297,43,42
dao,4,full_ft,1,15,den520d.map,31000030,adapted_full_ft,True,738,31,31
dao,4,full_ft,1,16,den520d.map,31000033,adapted_full_ft,True,100,18,14
dao,4,full_ft,1,17,den520d.map,31000036,adapted_full_ft,True,218,30,30
dao,4,full_ft,1,18,den520d.map,31000039,adapted_full_ft,True,396,23,23
dao,4,full_ft,1,19,den520d.map,31000042,adapted_full_ft,True,331,40,40
dao,4,full_ft,1,20,den520d.map,31000045,adapted_full_ft,True,173,20,19
dao,4,full_ft,1,21,den312d.map,31000047,adapted_full_ft,True,576,30,30
dao,4,full_ft,1,22,den520d.map,31000048,adapted_full_ft,True,249,22,20
dao,4,full_ft,1,23,den312d.map,31000050,adapted_full_ft,True,166,26,26
dao,4,full_ft,1,24,den520d.map,31000051,adapted_full_ft,True,13,14,14
dao,8,lora,0,0,den520d.map,31000000,adapted_lora,True,94,26,26
dao,8,lora,0,1,den312d.map,31000002,adapted_lora,True,74,22,22
dao,8,lora,0,2,den520d.map,31000003,adapted_lora,True,113,22,22
dao,8,lora,0,3,den520d.map,31000006,adapted_lora,True,69,20,20
dao,8,lora,0,4,den520d.map,31000009,adapted_lora,True,508,29,28
dao,8,lora,0,5,den312d.map,31000014,adapted_lora,True,197,20,20
dao,8,lora,0,6,den520d.map,31000015,adapted_lora,True,143,28,28
dao,8,lora,0,7,den312d.map,31000017,adapted_lora,True,287,20,18
dao,8,lora,0,8,den520d.map,31000018,adapted_lora,True,127,22,22
dao,8,lora,0,9,den312d.map,31000020,adapted_lora,True,340,31,31
dao,8,lora,0,10,den520d.map,31000021,adapted_lora,True,158,21,21
dao,8,lora,0,11,den312d.map,31000023,adapted_lora,True,177,20,20
dao,8,lora,0,12,den520d.map,31000024,adapted_lora,True,117,30,30
dao,8,lora,0,13,den312d.map,31000026,adapted_lora,True,58,14,14
dao,8,lora,0,14,den520d.map,31000027,adapted_lora,True,249,43,42
dao,8,lora,0,15,den520d.map,31000030,adapted_lora,True,268,31,31
dao,8,lora,0,16,den520d.map,31000033,adapted_lora,True,21,14,14
dao,8,lora,0,17,den520d.map,31000036,adapted_lora,True,245,30,30
dao,8,lora,0,18,den520d.map,31000039,adapted_lora,True,750,23,23
dao,8,lora,0,19,den520d.map,31000042,adapted_lora,True,489,40,40
dao,8,lora,0,20,den520d.map,31000045,adapted_lora,True,144,19,19
dao,8,lora,0,21,den312d.map,31000047,adapted_lora,True,257,30,30
dao,8,lora,0,22,den520d.map,31000048,adapted_lora,True,438,21,20
dao,8,lora,0,23,den312d.map,31000050,adapted_lora,True,947,26,26
dao,8,lora,0,24,den520d.map,31000051,adapted_lora,True,59,26,14
dao,8,lora,1,0,den520d.map,31000000,adapted_lora,True,105,26,26
dao,8,lora,1,1,den312d.map,31000002,adapted_lora,True,40,22,22
dao,8,lora,1,2,den520d.map,31000003,adapted_lora,True,119,22,22
dao,8,lora,1,3,den520d.map,31000006,adapted_lora,True,118,21,20
dao,8,lora,1,4,den520d.map,31000009,adapted_lora,True,515,28,28
dao,8,lora,1,5,den312d.map,31000014,adapted_lora,True,175,20,20
dao,8,lora,1,6,den520d.map,31000015,adapted_lora,True,96,28,28
dao,8,lora,1,7,den312d.map,31000017,adapted_lora,True,571,18,18
dao,8,lora,1,8,den520d.map,31000018,adapted_lora,True,129,22,22
dao,8,lora,1,9,den312d.map,31000020,adapted_lora,True,297,32,31
dao,8,lora,1,10,den520d.map,31000021,adapted_lora,True,160,23,21
dao,8,lora,1,11,den312d.map,31000023,adapted_lora,True,190,20,20
dao,8,lora,1,12,den520d.map,31000024,adapted_lora,True,72,30,30
dao,8,lora,1,13,den312d.map,31000026,adapted_lora,True,100,16,14
dao,8,lora,1,14,den520d.map,31000027,adapted_lora,True,271,42,42
dao,8,lora,1,15,den520d.map,31000030,adapted_lora,True,238,31,31
dao,8,lora,1,16,den520d.map,31000033,adapted_lora,True,20,14,14
dao,8,lora,1,17,den520d.map,31000036,adapted_lora,True,209,30,30
dao,8,lora,1,18,den520d.map,31000039,adapted_lora,True,688,23,23
dao,8,lora,1,19,den520d.map,31000042,adapted_lora,True,408,40,40
dao,8,lora,1,20,den520d.map,31000045,adapted_lora,True,121,19,19
dao,8,lora,1,21,den312d.map,31000047,adapted_lora,True,192,30,30
dao,8,lora,1,22,den520d.map,31000048,adapted_lora,True,595,21,20
dao,8,lora,1,23,den312d.map,31000050,adapted_lora,True,378,27,26
dao,8,lora,1,24,den520d.map,31000051,adapted_lora,True,71,14,14
dao,8,full_ft,0,0,den520d.map,31000000,adapted_full_ft,True,83,26,26
dao,8,full_ft,0,1,den312d.map,31000002,adapted_full_ft,True,55,22,22
dao,8,full_ft,0,2,den520d.map,31000003,adapted_full_ft,True,99,22,22
dao,8,full_ft,0,3,den520d.map,31000006,adapted_full_ft,True,66,21,20
dao,8,full_ft,0,4,den520d.map,31000009,adapted_full_ft,True,837,36,28
dao,8,full_ft,0,5,den312d.map,31000014,adapted_full_ft,True,119,20,20
dao,8,full_ft,0,6,den520d.map,31000015,adapted_full_ft,True,551,28,28
dao,8,full_ft,0,7,den312d.map,31000017,adapted_full_ft,True,94,20,18
dao,8,full_ft,0,8,den520d.map,31000018,adapted_full_ft,True,257,22,22
dao,8,full_ft,0,9,den312d.map,31000020,adapted_full_ft,True,610,36,31
dao,8,full_ft,0,10,den520d.map,31000021,adapted_full_ft,True,78,21,21
dao,8,full_ft,0,11,den312d.map,31000023,adapted_full_ft,True,206,20,20
dao,8,full_ft,0,12,den520d.map,31000024,adapted_full_ft,True,126,31,30
dao,8,full_ft,0,13,den312d.map,31000026,adapted_full_ft,True,64,15,14
dao,8,full_ft,0,14,den520d.map,31000027,adapted_full_ft,True,215,45,42
dao,8,full_ft,0,15,den520d.map,31000030,adapted_full_ft,True,338,32,31
dao,8,full_ft,0,16,den520d.map,31000033,adapted_full_ft,True,114,17,14
dao,8,full_ft,0,17,den520d.map,31000036,adapted_full_ft,True,261,30,30
dao,8,full_ft,0,18,den520d.map,31000039,adapted_full_ft,True,443,23,23
dao,8,full_ft,0,19,den520d.map,31000042,adapted_full_ft,True,325,41,40
dao,8,full_ft,0,20,den520d.map,31000045,adapted_full_ft,True,47,19,19
dao,8,full_ft,0,21,den312d.map,31000047,adapted_full_ft,True,564,30,30
dao,8,full_ft,0,22,den520d.map,31000048,adapted_full_ft,True,234,20,20
dao,8,full_ft,0,23,den312d.map,31000050,adapted_full_ft,True,846,27,26
dao,8,full_ft,0,24,den520d.map,31000051,adapted_full_ft,True,66,14,14
dao,8,full_ft,1,0,den520d.map,31000000,adapted_full_ft,True,132,26,26
dao,8,full_ft,1,1,den312d.map,31000002,adapted_full_ft,True,219,22,22
dao,8,full_ft,1,2,den520d.map,31000003,adapted_full_ft,True,378,22,22
dao,8,full_ft,1,3,den520d.map,31000006,adapted_full_ft,True,49,22,20
dao,8,full_ft,1,4,den520d.map,31000009,adapted_full_ft,True,545,28,28
dao,8,full_ft,1,5,den312d.map,31000014,adapted_full_ft,True,114,21,20
dao,8,full_ft,1,6,den520d.map,31000015,adapted_full_ft,True,514,28,28
dao,8,full_ft,1,7,den312d.map,31000017,adapted_full_ft,True,122,20,18
dao,8,full_ft,1,8,den520d.map,31000018,adapted_full_ft,True,366,34,22
dao,8,full_ft,1,9,den312d.map,31000020,adapted_full_ft,True,335,33,31
dao,8,full_ft,1,10,den520d.map,31000021,adapted_full_ft,True,77,21,21
dao,8,full_ft,1,11,den312d.map,31000023,adapted_full_ft,True,85,20,20
dao,8,full_ft,1,12,den520d.map,31000024,adapted_full_ft,True,119,31,30
dao,8,full_ft,1,13,den312d.map,31000026,adapted_full_ft,True,42,14,14
dao,8,full_ft,1,14,den520d.map,31000027,adapted_full_ft,True,267,46,42
dao,8,full_ft,1,15,den520d.map,31000030,adapted_full_ft,True,314,31,31
dao,8,full_ft,1,16,den520d.map,31000033,adapted_full_ft,True,33,14,14
dao,8,full_ft,1,17,den520d.map,31000036,adapted_full_ft,True,181,30,30
dao,8,full_ft,1,18,den520d.map,31000039,adapted_full_ft,True,448,24,23
dao,8,full_ft,1,19,den520d.map,31000042,adapted_full_ft,True,333,40,40
dao,8,full_ft,1,20,den520d.map,31000045,adapted_full_ft,True,32,19,19
dao,8,full_ft,1,21,den312d.map,31000047,adapted_full_ft,True,429,30,30
dao,8,full_ft,1,22,den520d.map,31000048,adapted_full_ft,True,295,20,20
dao,8,full_ft,1,23,den312d.map,31000050,adapted_full_ft,True,659,27,26
dao,8,full_ft,1,24,den520d.map,31000051,adapted_full_ft,True,60,14,14
street,1,lora,0,0,Paris_0_256.map,31000001,adapted_lora,True,1137,21,21
street,1,lora,0,1,Paris_0_256.map,31000004,adapted_lora,True,807,38,27
street,1,lora,0,2,Berlin_0_256.map,31000005,adapted_lora,True,932,32,32
street,1,lora,0,3,Boston_0_256.map,31000006,adapted_lora,True,742,27,26
street,1,lora,0,4,Paris_0_256.map,31000007,adapted_lora,True,56,25,25
street,1,lora,0,5,Boston_0_256.map,31000009,adapted_lora,True,672,23,23
street,1,lora,0,6,Paris_0_256.map,31000010,adapted_lora,True,2643,53,47
street,1,lora,0,7,Berlin_0_256.map,31000011,adapted_lora,True,400,20,20
street,1,lora,0,8,Boston_0_256.map,31000012,adapted_lora,True,299,18,17
street,1,lora,0,9,Berlin_0_256.map,31000014,adapted_lora,True,16,15,14
street,1,lora,0,10,Boston_0_256.map,31000015,adapted_lora,True,58,26,23
street,1,lora,0,11,Berlin_0_256.map,31000017,adapted_lora,True,522,30,16
street,1,lora,0,12,Berlin_0_256.map,31000020,adapted_lora,True,189,19,17
street,1,lora,0,13,Paris_0_256.map,31000022,adapted_lora,True,4039,71,70
street,1,lora,0,14,Berlin_0_256.map,31000023,adapted_lora,True,1420,46,45
street,1,lora,0,15,Paris_0_256.map,31000025,adapted_lora,True,681,41,36
street,1,lora,0,16,Berlin_0_256.map,31000026,adapted_lora,True,269,18,18
street,1,lora,0,17,Paris_0_256.map,31000028,adapted_lora,True,367,20,20
street,1,lora,0,18,Berlin_0_256.map,31000029,adapted_lora,True,1796,54,52
street,1,lora,0,19,Boston_0_256.map,31000030,adapted_lora,True,15,19,18
street,1,lora,0,20,Paris_0_256.map,31000031,adapted_lora,True,242,22,21
street,1,lora,0,21,Berlin_0_256.map,31000032,adapted_lora,True,425,25,24
street,1,lora,0,22,Berlin_0_256.map,31000035,adapted_lora,True,586,23,20
street,1,lora,0,23,Boston_0_256.map,31000036,adapted_lora,True,10,13,13
street,1,lora,0,24,Paris_0_256.map,31000037,adapted_lora,True,2075,47,34
street,1,lora,1,0,Paris_0_256.map,31000001,adapted_lora,True,906,21,21
street,1,lora,1,1,Paris_0_256.map,31000004,adapted_lora,True,720,38,27
street,1,lora,1,2,Berlin_0_256.map,31000005,adapted_lora,True,1208,32,32
street,1,lora,1,3,Boston_0_256.map,31000006,adapted_lora,True,766,27,26
street,1,lora,1,4,Paris_0_256.map,31000007,adapted_lora,True,57,25,25
street,1,lora,1,5,Boston_0_256.map,31000009,adapted_lora,True,410,25,23
street,1,lora,1,6,Paris_0_256.map,31000010,adapted_lora,True,3060,50,47
street,1,lora,1,7,Berlin_0_256.map,31000011,adapted_lora,True,572,20,20
street,1,lora,1,8,Boston_0_256.map,31000012,adapted_lora,True,510,21,17
street,1,lora,1,9,Berlin_0_256.map,31000014,adapted_lora,True,11,14,14
street,1,lora,1,10,Boston_0_256.map,31000015,adapted_lora,True,54,24,23
street,1,lora,1,11,Berlin_0_256.map,31000017,adapted_lora,True,616,30,16
street,1,lora,1,12,Berlin_0_256.map,31000020,adapted_lora,True,265,18,17
street,1,lora,1,13,Paris_0_256.map,31000022,adapted_lora,True,4155,71,70
street,1,lora,1,14,Berlin_0_256.map,31000023,adapted_lora,True,1548,45,45
street,1,lora,1,15,Paris_0_256.map,31000025,adapted_lora,True,606,43,36
street,1,lora,1,16,Berlin_0_256.map,31000026,adapted_lora,True,376,19,18
street,1,lora,1,17,Paris_0_256.map,31000028,adapted_lora,True,456,20,20
street,1,lora,1,18,Berlin_0_256.map,31000029,adapted_lora,True,1709,52,52
street,1,lora,1,19,Boston_0_256.map,31000030,adapted_lora,True,18,18,18
street,1,lora,1,20,Paris_0_256.map,31000031,adapted_lora,True,186,21,21
street,1,lora,1,21,Berlin_0_256.map,31000032,adapted_lora,True,566,27,24
street,1,lora,1,22,Berlin_0_256.map,31000035,adapted_lora,True,792,23,20
street,1,lora,1,23,Boston_0_256.map,31000036,adapted_lora,True,13,13,13
street,1,lora,1,24,Paris_0_256.map,31000037,adapted_lora,True,2302,44,34
street,1,full_ft,0,0,Paris_0_256.map,31000001,adapted_full_ft,True,826,21,21
street,1,full_ft,0,1,Paris_0_256.map,31000004,adapted_full_ft,True,449,32,27
street,1,full_ft,0,2,Berlin_0_256.map,31000005,adapted_full_ft,True,1299,32,32
street,1,full_ft,0,3,Boston_0_256.map,31000006,adapted_full_ft,True,1143,27,26
street,1,full_ft,0,4,Paris_0_256.map,31000007,adapted_full_ft,True,115,25,25
street,1,full_ft,0,5,Boston_0_256.map,31000009,adapted_full_ft,True,512,23,23
street,1,full_ft,0,6,Paris_0_256.map,31000010,adapted_full_ft,True,2925,49,47
street,1,full_ft,0,7,Berlin_0_256.map,31000011,adapted_full_ft,True,817,38,20
street,1,full_ft,0,8,Boston_0_256.map,31000012,adapted_full_ft,True,431,17,17
street,1,full_ft,0,9,Berlin_0_256.map,31000014,adapted_full_ft,True,32,14,14
street,1,full_ft,0,10,Boston_0_256.map,31000015,adapted_full_ft,True,80,23,23
street,1,full_ft,0,11,Berlin_0_256.map,31000017,adapted_full_ft,True,1302,21,16
street,1,full_ft,0,12,Berlin_0_256.map,31000020,adapted_full_ft,True,553,18,17
street,1,full_ft,0,13,Paris_0_256.map,31000022,adapted_full_ft,True,4165,71,70
street,1,full_ft,0,14,Berlin_0_256.map,31000023,adapted_full_ft,True,1597,46,45
street,1,full_ft,0,15,Paris_0_256.map,31000025,adapted_full_ft,True,401,37,36
street,1,full_ft,0,16,Berlin_0_256.map,31000026,adapted_full_ft,True,177,18,18
street,1,full_ft,0,17,Paris_0_256.map,31000028,adapted_full_ft,True,165,20,20
street,1,full_ft,0,18,Berlin_0_256.map,31000029,adapted_full_ft,True,1913,52,52
street,1,full_ft,0,19,Boston_0_256.map,31000030,adapted_full_ft,True,26,19,18
street,1,full_ft,0,20,Paris_0_256.map,31000031,adapted_full_ft,True,306,22,21
street,1,full_ft,0,21,Berlin_0_256.map,31000032,adapted_full_ft,True,841,26,24
street,1,full_ft,0,22,Berlin_0_256.map,31000035,adapted_full_ft,True,1200,23,20
street,1,full_ft,0,23,Boston_0_256.map,31000036,adapted_full_ft,True,12,13,13
street,1,full_ft,0,24,Paris_0_256.map,31000037,adapted_full_ft,True,936,36,34
street,1,full_ft,1,0,Paris_0_256.map,31000001,adapted_full_ft,True,1015,21,21
street,1,full_ft,1,1,Paris_0_256.map,31000004,adapted_full_ft,True,425,39,27
street,1,full_ft,1,2,Berlin_0_256.map,31000005,adapted_full_ft,True,1424,32,32
street,1,full_ft,1,3,Boston_0_256.map,31000006,adapted_full_ft,True,1170,27,26
street,1,full_ft,1,4,Paris_0_256.map,31000007,adapted_full_ft,True,95,25,25
street,1,full_ft,1,5,Boston_0_256.map,31000009,adapted_full_ft,True,489,23,23
street,1,full_ft,1,6,Paris_0_256.map,31000010,adapted_full_ft,True,3037,49,47
street,1,full_ft,1,7,Berlin_0_256.map,31000011,adapted_full_ft,True,846,38,20
street,1,full_ft,1,8,Boston_0_256.map,31000012,adapted_full_ft,True,675,17,17
street,1,full_ft,1,9,Berlin_0_256.map,31000014,adapted_full_ft,True,13,14,14
street,1,full_ft,1,10,Boston_0_256.map,31000015,adapted_full_ft,True,113,23,23
street,1,full_ft,1,11,Berlin_0_256.map,31000017,adapted_full_ft,True,1352,21,16
street,1,full_ft,1,12,Berlin_0_256.map,31000020,adapted_full_ft,True,574,17,17
street,1,full_ft,1,13,Paris_0_256.map,31000022,adapted_full_ft,True,3988,70,70
street,1,full_ft,1,14,Berlin_0_256.map,31000023,adapted_full_ft,True,1680,47,45
street,1,full_ft,1,15,Paris_0_256.map,31000025,adapted_full_ft,True,368,36,36
street,1,full_ft,1,16,Berlin_0_256.map,31000026,adapted_full_ft,True,271,18,18
street,1,full_ft,1,17,Paris_0_256.map,31000028,adapted_full_ft,True,87,20,20
street,1,full_ft,1,18,Berlin_0_256.map,31000029,adapted_full_ft,True,2016,52,52
street,1,full_ft,1,19,Boston_0_256.map,31000030,adapted_full_ft,True,33,19,18
street,1,full_ft,1,20,Paris_0_256.map,31000031,adapted_full_ft,True,322,23,21
street,1,full_ft,1,21,Berlin_0_256.map,31000032,adapted_full_ft,True,770,26,24
street,1,full_ft,1,22,Berlin_0_256.map,31000035,adapted_full_ft,True,919,23,20
street,1,full_ft,1,23,Boston_0_256.map,31000036,adapted_full_ft,True,11,13,13
street,1,full_ft,1,24,Paris_0_256.map,31000037,adapted_full_ft,True,852,34,34
street,2,lora,0,0,Paris_0_256.map,31000001,adapted_lora,True,415,22,21
street,2,lora,0,1,Paris_0_256.map,31000004,adapted_lora,True,638,38,27
street,2,lora,0,2,Berlin_0_256.map,31000005,adapted_lora,True,721,32,32
street,2,lora,0,3,Boston_0_256.map,31000006,adapted_lora,True,297,30,26
street,2,lora,0,4,Paris_0_256.map,31000007,adapted_lora,True,64,25,25
street,2,lora,0,5,Boston_0_256.map,31000009,adapted_lora,True,213,23,23
street,2,lora,0,6,Paris_0_256.map,31000010,adapted_lora,True,2392,55,47
street,2,lora,0,7,Berlin_0_256.map,31000011,adapted_lora,True,257,30,20
street,2,lora,0,8,Boston_0_256.map,31000012,adapted_lora,True,110,22,17
street,2,lora,0,9,Berlin_0_256.map,31000014,adapted_lora,True,237,15,14
street,2,lora,0,10,Boston_0_256.map,31000015,adapted_lora,True,48,26,23
street,2,lora,0,11,Berlin_0_256.map,31000017,adapted_lora,True,398,16,16
street,2,lora,0,12,Berlin_0_256.map,31000020,adapted_lora,True,146,17,17
street,2,lora,0,13,Paris_0_256.map,31000022,adapted_lora,True,4942,72,70
street,2,lora,0,14,Berlin_0_256.map,31000023,adapted_lora,True,972,45,45
street,2,lora,0,15,Paris_0_256.map,31000025,adapted_lora,True,508,36,36
street,2,lora,0,16,Berlin_0_256.map,31000026,adapted_lora,True,49,18,18
street,2,lora,0,17,Paris_0_256.map,31000028,adapted_lora,True,253,22,20
street,2,lora,0,18,Berlin_0_256.map,31000029,adapted_lora,True,1130,52,52
street,2,lora,0,19,Boston_0_256.map,31000030,adapted_lora,True,23,18,18
street,2,lora,0,20,Paris_0_256.map,31000031,adapted_lora,True,693,22,21
street,2,lora,0,21,Berlin_0_256.map,31000032,adapted_lora,True,525,26,24
street,2,lora,0,22,Berlin_0_256.map,31000035,adapted_lora,True,530,23,20
street,2,lora,0,23,Boston_0_256.map,31000036,adapted_lora,True,10,13,13
street,2,lora,0,24,Paris_0_256.map,31000037,adapted_lora,True,1138,34,34
street,2,lora,1,0,Paris_0_256.map,31000001,adapted_lora,True,322,21,21
street,2,lora,1,1,Paris_0_256.map,31000004,adapted_lora,True,554,38,27
street,2,lora,1,2,Berlin_0_256.map,31000005,adapted_lora,True,875,32,32
street,2,lora,1,3,Boston_0_256.map,31000006,adapted_lora,True,355,28,26
street,2,lora,1,4,Paris_0_256.map,31000007,adapted_lora,True,121,25,25
street,2,lora,1,5,Boston_0_256.map,31000009,adapted_lora,True,183,23,23
street,2,lora,1,6,Paris_0_256.map,31000010,adapted_lora,True,2039,47,47
street,2,lora,1,7,Berlin_0_256.map,31000011,adapted_lora,True,265,31,20
street,2,lora,1,8,Boston_0_256.map,31000012,adapted_lora,True,64,17,17
street,2,lora,1,9,Berlin_0_256.map,31000014,adapted_lora,True,66,14,14
street,2,lora,1,10,Boston_0_256.map,31000015,adapted_lora,True,33,26,23
street,2,lora,1,11,Berlin_0_256.map,31000017,adapted_lora,True,419,16,16
street,2,lora,1,12,Berlin_0_256.map,31000020,adapted_lora,True,230,17,17
street,2,lora,1,13,Paris_0_256.map,31000022,adapted_lora,True,4736,71,70
street,2,lora,1,14,Berlin_0_256.map,31000023,adapted_lora,True,902,45,45
street,2,lora,1,15,Paris_0_256.map,31000025,adapted_lora,True,499,36,36
street,2,lora,1,16,Berlin_0_256.map,31000026,adapted_lora,True,35,18,18
street,2,lora,1,17,Paris_0_256.map,31000028,adapted_lora,True,142,22,20
street,2,lora,1,18,Berlin_0_256.map,31000029,adapted_lora,True,1062,52,52
street,2,lora,1,19,Boston_0_256.map,31000030,adapted_lora,True,29,19,18
street,2,lora,1,20,Paris_0_256.map,31000031,adapted_lora,True,551,23,21
street,2,lora,1,21,Berlin_0_256.map,31000032,adapted_lora,True,560,26,24
street,2,lora,1,22,Berlin_0_256.map,31000035,adapted_lora,True,327,23,20
street,2,lora,1,23,Boston_0_256.map,31000036,adapted_lora,True,14,14,13
street,2,lora,1,24,Paris_0_256.map,31000037,adapted_lora,True,887,35,34
street,2,full_ft,0,0,Paris_0_256.map,31000001,adapted_full_ft,True,424,22,21
street,2,full_ft,0,1,Paris_0_256.map,31000004,adapted_full_ft,True,2252,38,27
street,2,full_ft,0,2,Berlin_0_256.map,31000005,adapted_full_ft,True,702,32,32
street,2,full_ft,0,3,Boston_0_256.map,31000006,adapted_full_ft,True,286,27,26
street,2,full_ft,0,4,Paris_0_256.map,31000007,adapted_full_ft,True,44,25,25
street,2,full_ft,0,5,Boston_0_256.map,31000009,adapted_full_ft,True,443,24,23
street,2,full_ft,0,6,Paris_0_256.map,31000010,adapted_full_ft,True,3187,50,47
street,2,full_ft,0,7,Berlin_0_256.map,31000011,adapted_full_ft,True,509,30,20
street,2,full_ft,0,8,Boston_0_256.map,31000012,adapted_full_ft,True,82,17,17
street,2,full_ft,0,9,Berlin_0_256.map,31000014,adapted_full_ft,True,176,15,14
street,2,full_ft,0,10,Boston_0_256.map,31000015,adapted_full_ft,True,193,27,23
street,2,full_ft,0,11,Berlin_0_256.map,31000017,adapted_full_ft,True,833,30,16
street,2,full_ft,0,12,Berlin_0_256.map,31000020,adapted_full_ft,True,383,18,17
street,2,full_ft,0,13,Paris_0_256.map,31000022,adapted_full_ft,True,4628,72,70
street,2,full_ft,0,14,Berlin_0_256.map,31000023,adapted_full_ft,True,1544,51,45
street,2,full_ft,0,15,Paris_0_256.map,31000025,adapted_full_ft,True,389,44,36
street,2,full_ft,0,16,Berlin_0_256.map,31000026,adapted_full_ft,True,95,18,18
street,2,full_ft,0,17,Paris_0_256.map,31000028,adapted_full_ft,True,2170,24,20
street,2,full_ft,0,18,Berlin_0_256.map,31000029,adapted_full_ft,True,1762,52,52
street,2,full_ft,0,19,Boston_0_256.map,31000030,adapted_full_ft,True,13,19,18
street,2,full_ft,0,20,Paris_0_256.map,31000031,adapted_full_ft,True,338,24,21
street,2,full_ft,0,21,Berlin_0_256.map,31000032,adapted_full_ft,True,632,28,24
street,2,full_ft,0,22,Berlin_0_256.map,31000035,adapted_full_ft,True,1434,23,20
street,2,full_ft,0,23,Boston_0_256.map,31000036,adapted_full_ft,True,9,13,13
street,2,full_ft,0,24,Paris_0_256.map,31000037,adapted_full_ft,True,816,40,34
street,2,full_ft,1,0,Paris_0_256.map,31000001,adapted_full_ft,True,413,21,21
street,2,full_ft,1,1,Paris_0_256.map,31000004,adapted_full_ft,True,2064,32,27
street,2,full_ft,1,2,Berlin_0_256.map,31000005,adapted_full_ft,True,484,32,32
street,2,full_ft,1,3,Boston_0_256.map,31000006,adapted_full_ft,True,511,31,26
street,2,full_ft,1,4,Paris_0_256.map,31000007,adapted_full_ft,True,277,25,25
street,2,full_ft,1,5,Boston_0_256.map,31000009,adapted_full_ft,True,89,23,23
street,2,full_ft,1,6,Paris_0_256.map,31000010,adapted_full_ft,True,2988,54,47
street,2,full_ft,1,7,Berlin_0_256.map,31000011,adapted_full_ft,True,274,30,20
street,2,full_ft,1,8,Boston_0_256.map,31000012,adapted_full_ft,True,88,17,17
street,2,full_ft,1,9,Berlin_0_256.map,31000014,adapted_full_ft,True,307,15,14
street,2,full_ft,1,10,Boston_0_256.map,31000015,adapted_full_ft,True,270,28,23
street,2,full_ft,1,11,Berlin_0_256.map,31000017,adapted_full_ft,True,335,17,16
street,2,full_ft,1,12,Berlin_0_256.map,31000020,adapted_full_ft,True,377,22,17
street,2,full_ft,1,13,Paris_0_256.map,31000022,adapted_full_ft,True,4885,73,70
street,2,full_ft,1,14,Berlin_0_256.map,31000023,adapted_full_ft,True,1729,51,45
street,2,full_ft,1,15,Paris_0_256.map,31000025,adapted_full_ft,True,415,47,36
street,2,full_ft,1,16,Berlin_0_256.map,31000026,adapted_full_ft,True,138,20,18
street,2,full_ft,1,17,Paris_0_256.map,31000028,adapted_full_ft,True,930,21,20
street,2,full_ft,1,18,Berlin_0_256.map,31000029,adapted_full_ft,True,1081,53,52
street,2,full_ft,1,19,Boston_0_256.map,31000030,adapted_full_ft,True,68,19,18
street,2,full_ft,1,20,Paris_0_256.map,31000031,adapted_full_ft,True,325,25,21
street,2,full_ft,1,21,Berlin_0_256.map,31000032,adapted_full_ft,True,412,25,24
street,2,full_ft,1,22,Berlin_0_256.map,31000035,adapted_full_ft,True,287,23,20
street,2,full_ft,1,23,Boston_0_256.map,31000036,adapted_full_ft,True,15,13,13
street,2,full_ft,1,24,Paris_0_256.map,31000037,adapted_full_ft,True,794,40,34
street,4,lora,0,0,Paris_0_256.map,31000001,adapted_lora,True,47,21,21
street,4,lora,0,1,Paris_0_256.map,31000004,adapted_lora,True,266,38,27
street,4,lora,0,2,Berlin_0_256.map,31000005,adapted_lora,True,817,32,32
street,4,lora,0,3,Boston_0_256.map,31000006,adapted_lora,True,297,33,26
street,4,lora,0,4,Paris_0_256.map,31000007,adapted_lora,True,198,25,25
street,4,lora,0,5,Boston_0_256.map,31000009,adapted_lora,True,155,23,23
street,4,lora,0,6,Paris_0_256.map,31000010,adapted_lora,True,1581,57,47
street,4,lora,0,7,Berlin_0_256.map,31000011,adapted_lora,True,235,22,20
street,4,lora,0,8,Boston_0_256.map,31000012,adapted_lora,True,62,17,17
street,4,lora,0,9,Berlin_0_256.map,31000014,adapted_lora,True,420,15,14
street,4,lora,0,10,Boston_0_256.map,31000015,adapted_lora,True,722,24,23
street,4,lora,0,11,Berlin_0_256.map,31000017,adapted_lora,True,25,16,16
street,4,lora,0,12,Berlin_0_256.map,31000020,adapted_lora,True,34,17,17
street,4,lora,0,13,Paris_0_256.map,31000022,adapted_lora,True,2623,71,70
street,4,lora,0,14,Berlin_0_256.map,31000023,adapted_lora,True,1043,45,45
street,4,lora,0,15,Paris_0_256.map,31000025,adapted_lora,True,452,41,36
street,4,lora,0,16,Berlin_0_256.map,31000026,adapted_lora,True,92,18,18
street,4,lora,0,17,Paris_0_256.map,31000028,adapted_lora,True,33,20,20
street,4,lora,0,18,Berlin_0_256.map,31000029,adapted_lora,True,1149,52,52
street,4,lora,0,19,Boston_0_256.map,31000030,adapted_lora,True,49,18,18
street,4,lora,0,20,Paris_0_256.map,31000031,adapted_lora,True,792,24,21
street,4,lora,0,21,Berlin_0_256.map,31000032,adapted_lora,True,61,24,24
street,4,lora,0,22,Berlin_0_256.map,31000035,adapted_lora,True,304,20,20
street,4,lora,0,23,Boston_0_256.map,31000036,adapted_lora,True,14,13,13
street,4,lora,0,24,Paris_0_256.map,31000037,adapted_lora,True,768,34,34
street,4,lora,1,0,Paris_0_256.map,31000001,adapted_lora,True,93,21,21
street,4,lora,1,1,Paris_0_256.map,31000004,adapted_lora,True,331,38,27
street,4,lora,1,2,Berlin_0_256.map,31000005,adapted_lora,True,604,32,32
street,4,lora,1,3,Boston_0_256.map,31000006,adapted_lora,True,949,27,26
street,4,lora,1,4,Paris_0_256.map,31000007,adapted_lora,True,109,25,25
street,4,lora,1,5,Boston_0_256.map,31000009,adapted_lora,True,159,23,23
street,4,lora,1,6,Paris_0_256.map,31000010,adapted_lora,True,1517,47,47
street,4,lora,1,7,Berlin_0_256.map,31000011,adapted_lora,True,220,22,20
street,4,lora,1,8,Boston_0_256.map,31000012,adapted_lora,True,159,17,17
street,4,lora,1,9,Berlin_0_256.map,31000014,adapted_lora,True,205,15,14
street,4,lora,1,10,Boston_0_256.map,31000015,adapted_lora,True,830,24,23
street,4,lora,1,11,Berlin_0_256.map,31000017,adapted_lora,True,97,16,16
street,4,lora,1,12,Berlin_0_256.map,31000020,adapted_lora,True,81,17,17
street,4,lora,1,13,Paris_0_256.map,31000022,adapted_lora,True,3133,72,70
street,4,lora,1,14,Berlin_0_256.map,31000023,adapted_lora,True,1094,45,45
street,4,lora,1,15,Paris_0_256.map,31000025,adapted_lora,True,539,36,36
street,4,lora,1,16,Berlin_0_256.map,31000026,adapted_lora,True,60,18,18
street,4,lora,1,17,Paris_0_256.map,31000028,adapted_lora,True,40,20,20
street,4,lora,1,18,Berlin_0_256.map,31000029,adapted_lora,True,1139,52,52
street,4,lora,1,19,Boston_0_256.map,31000030,adapted_lora,True,57,18,18
street,4,lora,1,20,Paris_0_256.map,31000031,adapted_lora,True,784,25,21
street,4,lora,1,21,Berlin_0_256.map,31000032,adapted_lora,True,130,25,24
street,4,lora,1,22,Berlin_0_256.map,31000035,adapted_lora,True,337,20,20
street,4,lora,1,23,Boston_0_256.map,31000036,adapted_lora,True,22,13,13
street,4,lora,1,24,Paris_0_256.map,31000037,adapted_lora,True,654,35,34
street,4,full_ft,0,0,Paris_0_256.map,31000001,adapted_full_ft,True,224,30,21
street,4,full_ft,0,1,Paris_0_256.map,31000004,adapted_full_ft,True,1134,38,27
street,4,full_ft,0,2,Berlin_0_256.map,31000005,adapted_full_ft,True,586,32,32
street,4,full_ft,0,3,Boston_0_256.map,31000006,adapted_full_ft,True,225,27,26
street,4,full_ft,0,4,Paris_0_256.map,31000007,adapted_full_ft,True,94,26,25
street,4,full_ft,0,5,Boston_0_256.map,31000009,adapted_full_ft,True,484,23,23
street,4,full_ft,0,6,Paris_0_256.map,31000010,adapted_full_ft,True,1550,48,47
street,4,full_ft,0,7,Berlin_0_256.map,31000011,adapted_full_ft,True,168,20,20
street,4,full_ft,0,8,Boston_0_256.map,31000012,adapted_full_ft,True,134,17,17
street,4,full_ft,0,9,Berlin_0_256.map,31000014,adapted_full_ft,True,215,15,14
street,4,full_ft,0,10,Boston_0_256.map,31000015,adapted_full_ft,True,234,23,23
street,4,full_ft,0,11,Berlin_0_256.map,31000017,adapted_full_ft,True,27,16,16
street,4,full_ft,0,12,Berlin_0_256.map,31000020,adapted_full_ft,True,49,17,17
street,4,full_ft,0,13,Paris_0_256.map,31000022,adapted_full_ft,True,2866,74,70
street,4,full_ft,0,14,Berlin_0_256.map,31000023,adapted_full_ft,True,898,46,45
street,4,full_ft,0,15,Paris_0_256.map,31000025,adapted_full_ft,True,430,40,36
street,4,full_ft,0,16,Berlin_0_256.map,31000026,adapted_full_ft,True,62,19,18
street,4,full_ft,0,17,Paris_0_256.map,31000028,adapted_full_ft,True,126,22,20
street,4,full_ft,0,18,Berlin_0_256.map,31000029,adapted_full_ft,True,1310,52,52
street,4,full_ft,0,19,Boston_0_256.map,31000030,adapted_full_ft,True,63,19,18
street,4,full_ft,0,20,Paris_0_256.map,31000031,adapted_full_ft,True,390,24,21
street,4,full_ft,0,21,Berlin_0_256.map,31000032,adapted_full_ft,True,73,25,24
street,4,full_ft,0,22,Berlin_0_256.map,31000035,adapted_full_ft,True,172,20,20
street,4,full_ft,0,23,Boston_0_256.map,31000036,adapted_full_ft,True,10,13,13
street,4,full_ft,0,24,Paris_0_256.map,31000037,adapted_full_ft,True,865,39,34
street,4,full_ft,1,0,Paris_0_256.map,31000001,adapted_full_ft,True,546,32,21
street,4,full_ft,1,1,Paris_0_256.map,31000004,adapted_full_ft,True,515,31,27
street,4,full_ft,1,2,Berlin_0_256.map,31000005,adapted_full_ft,True,505,32,32
street,4,full_ft,1,3,Boston_0_256.map,31000006,adapted_full_ft,True,215,26,26
street,4,full_ft,1,4,Paris_0_256.map,31000007,adapted_full_ft,True,69,26,25
street,4,full_ft,1,5,Boston_0_256.map,31000009,adapted_full_ft,True,265,23,23
street,4,full_ft,1,6,Paris_0_256.map,31000010,adapted_full_ft,True,1504,50,47
street,4,full_ft,1,7,Berlin_0_256.map,31000011,adapted_full_ft,True,109,20,20
street,4,full_ft,1,8,Boston_0_256.map,31000012,adapted_full_ft,True,74,17,17
street,4,full_ft,1,9,Berlin_0_256.map,31000014,adapted_full_ft,True,269,15,14
street,4,full_ft,1,10,Boston_0_256.map,31000015,adapted_full_ft,True,118,23,23
street,4,full_ft,1,11,Berlin_0_256.map,31000017,adapted_full_ft,True,75,16,16
street,4,full_ft,1,12,Berlin_0_256.map,31000020,adapted_full_ft,True,33,17,17
street,4,full_ft,1,13,Paris_0_256.map,31000022,adapted_full_ft,True,3673,73,70
street,4,full_ft,1,14,Berlin_0_256.map,31000023,adapted_full_ft,True,818,46,45
street,4,full_ft,1,15,Paris_0_256.map,31000025,adapted_full_ft,True,253,40,36
street,4,full_ft,1,16,Berlin_0_256.map,31000026,adapted_full_ft,True,74,19,18
street,4,full_ft,1,17,Paris_0_256.map,31000028,adapted_full_ft,True,104,26,20
street,4,full_ft,1,18,Berlin_0_256.map,31000029,adapted_full_ft,True,1088,52,52
street,4,full_ft,1,19,Boston_0_256.map,31000030,adapted_full_ft,True,24,18,18
street,4,full_ft,1,20,Paris_0_256.map,31000031,adapted_full_ft,True,454,23,21
street,4,full_ft,1,21,Berlin_0_256.map,31000032,adapted_full_ft,True,73,24,24
street,4,full_ft,1,22,Berlin_0_256.map,31000035,adapted_full_ft,True,196,20,20
street,4,full_ft,1,23,Boston_0_256.map,31000036,adapted_full_ft,True,14,13,13
street,4,full_ft,1,24,Paris_0_256.map,31000037,adapted_full_ft,True,586,40,34
street,8,lora,0,0,Paris_0_256.map,31000001,adapted_lora,True,125,22,21
street,8,lora,0,1,Paris_0_256.map,31000004,adapted_lora,True,336,37,27
street,8,lora,0,2,Berlin_0_256.map,31000005,adapted_lora,True,1132,32,32
street,8,lora,0,3,Boston_0_256.map,31000006,adapted_lora,True,393,27,26
street,8,lora,0,4,Paris_0_256.map,31000007,adapted_lora,True,208,25,25
street,8,lora,0,5,Boston_0_256.map,31000009,adapted_lora,True,489,24,23
street,8,lora,0,6,Paris_0_256.map,31000010,adapted_lora,True,2427,51,47
street,8,lora,0,7,Berlin_0_256.map,31000011,adapted_lora,True,77,22,20
street,8,lora,0,8,Boston_0_256.map,31000012,adapted_lora,True,623,19,17
street,8,lora,0,9,Berlin_0_256.map,31000014,adapted_lora,True,298,15,14
street,8,lora,0,10,Boston_0_256.map,31000015,adapted_lora,True,128,23,23
street,8,lora,0,11,Berlin_0_256.map,31000017,adapted_lora,True,29,16,16
street,8,lora,0,12,Berlin_0_256.map,31000020,adapted_lora,True,28,17,17
street,8,lora,0,13,Paris_0_256.map,31000022,adapted_lora,True,2326,70,70
street,8,lora,0,14,Berlin_0_256.map,31000023,adapted_lora,True,781,46,45
street,8,lora,0,15,Paris_0_256.map,31000025,adapted_lora,True,250,36,36
street,8,lora,0,16,Berlin_0_256.map,31000026,adapted_lora,True,60,18,18
street,8,lora,0,17,Paris_0_256.map,31000028,adapted_lora,True,111,20,20
street,8,lora,0,18,Berlin_0_256.map,31000029,adapted_lora,True,1311,52,52
street,8,lora,0,19,Boston_0_256.map,31000030,adapted_lora,True,36,19,18
street,8,lora,0,20,Paris_0_256.map,31000031,adapted_lora,True,1183,21,21
street,8,lora,0,21,Berlin_0_256.map,31000032,adapted_lora,True,96,24,24
street,8,lora,0,22,Berlin_0_256.map,31000035,adapted_lora,True,214,20,20
street,8,lora,0,23,Boston_0_256.map,31000036,adapted_lora,True,18,14,13
street,8,lora,0,24,Paris_0_256.map,31000037,adapted_lora,True,232,35,34
street,8,lora,1,0,Paris_0_256.map,31000001,adapted_lora,True,86,22,21
street,8,lora,1,1,Paris_0_256.map,31000004,adapted_lora,True,234,37,27
street,8,lora,1,2,Berlin_0_256.map,31000005,adapted_lora,True,1003,32,32
street,8,lora,1,3,Boston_0_256.map,31000006,adapted_lora,True,136,27,26
street,8,lora,1,4,Paris_0_256.map,31000007,adapted_lora,True,467,31,25
street,8,lora,1,5,Boston_0_256.map,31000009,adapted_lora,True,511,23,23
street,8,lora,1,6,Paris_0_256.map,31000010,adapted_lora,True,2077,50,47
street,8,lora,1,7,Berlin_0_256.map,31000011,adapted_lora,True,79,22,20
street,8,lora,1,8,Boston_0_256.map,31000012,adapted_lora,True,291,19,17
street,8,lora,1,9,Berlin_0_256.map,31000014,adapted_lora,True,248,15,14
street,8,lora,1,10,Boston_0_256.map,31000015,adapted_lora,True,76,23,23
street,8,lora,1,11,Berlin_0_256.map,31000017,adapted_lora,True,112,16,16
street,8,lora,1,12,Berlin_0_256.map,31000020,adapted_lora,True,31,17,17
street,8,lora,1,13,Paris_0_256.map,31000022,adapted_lora,True,2297,76,70
street,8,lora,1,14,Berlin_0_256.map,31000023,adapted_lora,True,744,46,45
street,8,lora,1,15,Paris_0_256.map,31000025,adapted_lora,True,273,36,36
street,8,lora,1,16,Berlin_0_256.map,31000026,adapted_lora,True,51,18,18
street,8,lora,1,17,Paris_0_256.map,31000028,adapted_lora,True,101,20,20
street,8,lora,1,18,Berlin_0_256.map,31000029,adapted_lora,True,1225,52,52
street,8,lora,1,19,Boston_0_256.map,31000030,adapted_lora,True,18,19,18
street,8,lora,1,20,Paris_0_256.map,31000031,adapted_lora,True,1072,21,21
street,8,lora,1,21,Berlin_0_256.map,31000032,adapted_lora,True,97,24,24
street,8,lora,1,22,Berlin_0_256.map,31000035,adapted_lora,True,215,20,20
street,8,lora,1,23,Boston_0_256.map,31000036,adapted_lora,True,19,14,13
street,8,lora,1,24,Paris_0_256.map,31000037,adapted_lora,True,211,39,34
street,8,full_ft,0,0,Paris_0_256.map,31000001,adapted_full_ft,True,486,30,21
street,8,full_ft,0,1,Paris_0_256.map,31000004,adapted_full_ft,True,263,37,27
street,8,full_ft,0,2,Berlin_0_256.map,31000005,adapted_full_ft,True,1024,32,32
street,8,full_ft,0,3,Boston_0_256.map,31000006,adapted_full_ft,True,172,27,26
street,8,full_ft,0,4,Paris_0_256.map,31000007,adapted_full_ft,True,60,25,25
street,8,full_ft,0,5,Boston_0_256.map,31000009,adapted_full_ft,True,667,23,23
street,8,full_ft,0,6,Paris_0_256.map,31000010,adapted_full_ft,True,1237,49,47
street,8,full_ft,0,7,Berlin_0_256.map,31000011,adapted_full_ft,True,223,22,20
street,8,full_ft,0,8,Boston_0_256.map,31000012,adapted_full_ft,True,1068,18,17
street,8,full_ft,0,9,Berlin_0_256.map,31000014,adapted_full_ft,True,82,15,14
street,8,full_ft,0,10,Boston_0_256.map,31000015,adapted_full_ft,True,75,23,23
street,8,full_ft,0,11,Berlin_0_256.map,31000017,adapted_full_ft,True,164,16,16
street,8,full_ft,0,12,Berlin_0_256.map,31000020,adapted_full_ft,True,95,17,17
street,8,full_ft,0,13,Paris_0_256.map,31000022,adapted_full_ft,True,1955,72,70
street,8,full_ft,0,14,Berlin_0_256.map,31000023,adapted_full_ft,True,971,45,45
street,8,full_ft,0,15,Paris_0_256.map,31000025,adapted_full_ft,True,490,36,36
street,8,full_ft,0,16,Berlin_0_256.map,31000026,adapted_full_ft,True,241,18,18
street,8,full_ft,0,17,Paris_0_256.map,31000028,adapted_full_ft,True,46,26,20
street,8,full_ft,0,18,Berlin_0_256.map,31000029,adapted_full_ft,True,1613,52,52
street,8,full_ft,0,19,Boston_0_256.map,31000030,adapted_full_ft,True,36,19,18
street,8,full_ft,0,20,Paris_0_256.map,31000031,adapted_full_ft,True,317,21,21
street,8,full_ft,0,21,Berlin_0_256.map,31000032,adapted_full_ft,True,74,25,24
street,8,full_ft,0,22,Berlin_0_256.map,31000035,adapted_full_ft,True,208,20,20
street,8,full_ft,0,23,Boston_0_256.map,31000036,adapted_full_ft,True,13,13,13
street,8,full_ft,0,24,Paris_0_256.map,31000037,adapted_full_ft,True,460,41,34
street,8,full_ft,1,0,Paris_0_256.map,31000001,adapted_full_ft,True,82,22,21
street,8,full_ft,1,1,Paris_0_256.map,31000004,adapted_full_ft,True,352,37,27
street,8,full_ft,1,2,Berlin_0_256.map,31000005,adapted_full_ft,True,897,32,32
street,8,full_ft,1,3,Boston_0_256.map,31000006,adapted_full_ft,True,252,26,26
street,8,full_ft,1,4,Paris_0_256.map,31000007,adapted_full_ft,True,69,26,25
street,8,full_ft,1,5,Boston_0_256.map,31000009,adapted_full_ft,True,94,23,23
street,8,full_ft,1,6,Paris_0_256.map,31000010,adapted_full_ft,True,1219,50,47
street,8,full_ft,1,7,Berlin_0_256.map,31000011,adapted_full_ft,True,184,21,20
street,8,full_ft,1,8,Boston_0_256.map,31000012,adapted_full_ft,True,383,19,17
street,8,full_ft,1,9,Berlin_0_256.map,31000014,adapted_full_ft,True,71,14,14
street,8,full_ft,1,10,Boston_0_256.map,31000015,adapted_full_ft,True,163,24,23
street,8,full_ft,1,11,Berlin_0_256.map,31000017,adapted_full_ft,True,146,16,16
street,8,full_ft,1,12,Berlin_0_256.map,31000020,adapted_full_ft,True,173,18,17
street,8,full_ft,1,13,Paris_0_256.map,31000022,adapted_full_ft,True,2362,71,70
street,8,full_ft,1,14,Berlin_0_256.map,31000023,adapted_full_ft,True,899,46,45
street,8,full_ft,1,15,Paris_0_256.map,31000025,adapted_full_ft,True,214,36,36
street,8,full_ft,1,16,Berlin_0_256.map,31000026,adapted_full_ft,True,139,19,18
street,8,full_ft,1,17,Paris_0_256.map,31000028,adapted_full_ft,True,23,20,20
street,8,full_ft,1,18,Berlin_0_256.map,31000029,adapted_full_ft,True,1432,52,52
street,8,full_ft,1,19,Boston_0_256.map,31000030,adapted_full_ft,True,20,18,18
street,8,full_ft,1,20,Paris_0_256.map,31000031,adapted_full_ft,True,701,25,21
street,8,full_ft,1,21,Berlin_0_256.map,31000032,adapted_full_ft,True,113,25,24
street,8,full_ft,1,22,Berlin_0_256.map,31000035,adapted_full_ft,True,174,20,20
street,8,full_ft,1,23,Boston_0_256.map,31000036,adapted_full_ft,True,16,13,13
street,8,full_ft,1,24,Paris_0_256.map,31000037,adapted_full_ft,True,567,38,34
