provider,mode,w,budget,found,expansions,arrival,optimal_arrival,suboptimality,closed,nonfinite,suite,world_index
euclid,astar,,2500,False,2500,-1,nan,nan,2500,0,C_dyn_spiral,0
euclid,focal,1.0,2500,False,2500,-1,nan,nan,2500,0,C_dyn_spiral,0
euclid,focal,1.1,2500,False,2500,-1,nan,nan,2500,0,C_dyn_spiral,0
euclid,astar,,3500,False,3500,-1,nan,nan,3500,0,C_dyn_spiral,0
euclid,focal,1.0,3500,False,3500,-1,nan,nan,3500,0,C_dyn_spiral,0
euclid,focal,1.1,3500,False,3500,-1,nan,nan,3500,0,C_dyn_spiral,0
oracle,astar,,2500,False,2500,-1,nan,nan,2500,0,C_dyn_spiral,0
oracle,focal,1.0,2500,False,2500,-1,nan,nan,2500,0,C_dyn_spiral,0
oracle,focal,1.1,2500,False,2500,-1,nan,nan,2500,0,C_dyn_spiral,0
oracle,astar,,3500,False,3500,-1,nan,nan,3500,0,C_dyn_spiral,0
oracle,focal,1.0,3500,False,3500,-1,nan,nan,3500,0,C_dyn_spiral,0
oracle,focal,1.1,3500,False,3500,-1,nan,nan,3500,0,C_dyn_spiral,0
scalar_hrm,astar,,2500,False,2500,-1,nan,nan,2500,0,C_dyn_spiral,0
scalar_hrm,focal,1.0,2500,False,2500,-1,nan,nan,2500,0,C_dyn_spiral,0
scalar_hrm,focal,1.1,2500,False,2500,-1,nan,nan,2500,0,C_dyn_spiral,0
scalar_hrm,astar,,3500,False,3500,-1,nan,nan,3500,0,C_dyn_spiral,0
scalar_hrm,focal,1.0,3500,False,3500,-1,nan,nan,3500,0,C_dyn_spiral,0
scalar_hrm,focal,1.1,3500,False,3500,-1,nan,nan,3500,0,C_dyn_spiral,0
scalar_hrm_blind,astar,,2500,False,2500,-1,nan,nan,2500,0,C_dyn_spiral,0
scalar_hrm_blind,focal,1.0,2500,False,2500,-1,nan,nan,2500,0,C_dyn_spiral,0
scalar_hrm_blind,focal,1.1,2500,False,2500,-1,nan,nan,2500,0,C_dyn_spiral,0
scalar_hrm_blind,astar,,3500,False,3500,-1,nan,nan,3500,0,C_dyn_spiral,0
scalar_hrm_blind,focal,1.0,3500,False,3500,-1,nan,nan,3500,0,C_dyn_spiral,0
scalar_hrm_blind,focal,1.1,3500,False,3500,-1,nan,nan,3500,0,C_dyn_spiral,0
scalar_onlstm,astar,,2500,False,2500,-1,nan,nan,2500,0,C_dyn_spiral,0
scalar_onlstm,focal,1.0,2500,False,2500,-1,nan,nan,2500,0,C_dyn_spiral,0
scalar_onlstm,focal,1.1,2500,False,2500,-1,nan,nan,2500,0,C_dyn_spiral,0
scalar_onlstm,astar,,3500,False,3500,-1,nan,nan,3500,0,C_dyn_spiral,0
scalar_onlstm,focal,1.0,3500,False,3500,-1,nan,nan,3500,0,C_dyn_spiral,0
scalar_onlstm,focal,1.1,3500,False,3500,-1,nan,nan,3500,0,C_dyn_spiral,0
scalar_onlstm_blind,astar,,2500,False,2500,-1,nan,nan,2500,0,C_dyn_spiral,0
scalar_onlstm_blind,focal,1.0,2500,False,2500,-1,nan,nan,2500,0,C_dyn_spiral,0
scalar_onlstm_blind,focal,1.1,2500,False,2500,-1,nan,nan,2500,0,C_dyn_spiral,0
scalar_onlstm_blind,astar,,3500,False,3500,-1,nan,nan,3500,0,C_dyn_spiral,0
scalar_onlstm_blind,focal,1.0,3500,False,3500,-1,nan,nan,3500,0,C_dyn_spiral,0
scalar_onlstm_blind,focal,1.1,3500,False,3500,-1,nan,nan,3500,0,C_dyn_spiral,0
field_unet,astar,,2500,False,2500,-1,nan,nan,2500,0,C_dyn_spiral,0
field_unet,focal,1.0,2500,False,2500,-1,nan,nan,2500,0,C_dyn_spiral,0
field_unet,focal,1.1,2500,False,2500,-1,nan,nan,2500,0,C_dyn_spiral,0
field_unet,astar,,3500,False,3500,-1,nan,nan,3500,0,C_dyn_spiral,0
field_unet,focal,1.0,3500,False,3500,-1,nan,nan,3500,0,C_dyn_spiral,0
field_unet,focal,1.1,3500,False,3500,-1,nan,nan,3500,0,C_dyn_spiral,0
field_unet_blind,astar,,2500,False,2500,-1,nan,nan,2500,0,C_dyn_spiral,0
field_unet_blind,focal,1.0,2500,False,2500,-1,nan,nan,2500,0,C_dyn_spiral,0
field_unet_blind,focal,1.1,2500,False,2500,-1,nan,nan,2500,0,C_dyn_spiral,0
field_unet_blind,astar,,3500,False,3500,-1,nan,nan,3500,0,C_dyn_spiral,0
field_unet_blind,focal,1.0,3500,False,3500,-1,nan,nan,3500,0,C_dyn_spiral,0
field_unet_blind,focal,1.1,3500,False,3500,-1,nan,nan,3500,0,C_dyn_spiral,0
field_hrm,astar,,2500,False,2500,-1,nan,nan,2500,0,C_dyn_spiral,0
field_hrm,focal,1.0,2500,False,2500,-1,nan,nan,2500,0,C_dyn_spiral,0
field_hrm,focal,1.1,2500,False,2500,-1,nan,nan,2500,0,C_dyn_spiral,0
field_hrm,astar,,3500,False,3500,-1,nan,nan,3500,0,C_dyn_spiral,0
field_hrm,focal,1.0,3500,False,3500,-1,nan,nan,3500,0,C_dyn_spiral,0
field_hrm,focal,1.1,3500,False,3500,-1,nan,nan,3500,0,C_dyn_spiral,0
field_hrm_blind,astar,,2500,False,2500,-1,nan,nan,2500,0,C_dyn_spiral,0
field_hrm_blind,focal,1.0,2500,False,2500,-1,nan,nan,2500,0,C_dyn_spiral,0
field_hrm_blind,focal,1.1,2500,False,2500,-1,nan,nan,2500,0,C_dyn_spiral,0
field_hrm_blind,astar,,3500,False,3500,-1,nan,nan,3500,0,C_dyn_spiral,0
field_hrm_blind,focal,1.0,3500,False,3500,-1,nan,nan,3500,0,C_dyn_spiral,0
field_hrm_blind,focal,1.1,3500,False,3500,-1,nan,nan,3500,0,C_dyn_spiral,0
euclid,astar,,2500,False,2500,-1,65.0,nan,2500,0,C_dyn_spiral,1
euclid,focal,1.0,2500,False,2500,-1,65.0,nan,2500,0,C_dyn_spiral,1
euclid,focal,1.1,2500,False,2500,-1,65.0,nan,2500,0,C_dyn_spiral,1
euclid,astar,,3500,False,3500,-1,65.0,nan,3500,0,C_dyn_spiral,1
euclid,focal,1.0,3500,False,3500,-1,65.0,nan,3500,0,C_dyn_spiral,1
euclid,focal,1.1,3500,False,3500,-1,65.0,nan,3500,0,C_dyn_spiral,1
oracle,astar,,2500,True,368,65,65.0,1.0,368,0,C_dyn_spiral,1
oracle,focal,1.0,2500,False,2500,-1,65.0,nan,2500,0,C_dyn_spiral,1
oracle,focal,1.1,2500,False,2500,-1,65.0,nan,2500,0,C_dyn_spiral,1
oracle,astar,,3500,True,368,65,65.0,1.0,368,0,C_dyn_spiral,1
oracle,focal,1.0,3500,False,3500,-1,65.0,nan,3500,0,C_dyn_spiral,1
oracle,focal,1.1,3500,False,3500,-1,65.0,nan,3500,0,C_dyn_spiral,1
scalar_hrm,astar,,2500,False,2500,-1,65.0,nan,2500,0,C_dyn_spiral,1
scalar_hrm,focal,1.0,2500,False,2500,-1,65.0,nan,2500,0,C_dyn_spiral,1
scalar_hrm,focal,1.1,2500,False,2500,-1,65.0,nan,2500,0,C_dyn_spiral,1
scalar_hrm,astar,,3500,True,2709,65,65.0,1.0,2709,0,C_dyn_spiral,1
scalar_hrm,focal,1.0,3500,False,3500,-1,65.0,nan,3500,0,C_dyn_spiral,1
scalar_hrm,focal,1.1,3500,False,3500,-1,65.0,nan,3500,0,C_dyn_spiral,1
scalar_hrm_blind,astar,,2500,False,2500,-1,65.0,nan,2500,0,C_dyn_spiral,1
scalar_hrm_blind,focal,1.0,2500,False,2500,-1,65.0,nan,2500,0,C_dyn_spiral,1
scalar_hrm_blind,focal,1.1,2500,False,2500,-1,65.0,nan,2500,0,C_dyn_spiral,1
scalar_hrm_blind,astar,,3500,True,3247,66,65.0,1.0153846153846153,3247,0,C_dyn_spiral,1
scalar_hrm_blind,focal,1.0,3500,False,3500,-1,65.0,nan,3500,0,C_dyn_spiral,1
scalar_hrm_blind,focal,1.1,3500,False,3500,-1,65.0,nan,3500,0,C_dyn_spiral,1
scalar_onlstm,astar,,2500,False,2500,-1,65.0,nan,2500,0,C_dyn_spiral,1
scalar_onlstm,focal,1.0,2500,False,2500,-1,65.0,nan,2500,0,C_dyn_spiral,1
scalar_onlstm,focal,1.1,2500,False,2500,-1,65.0,nan,2500,0,C_dyn_spiral,1
scalar_onlstm,astar,,3500,True,2614,65,65.0,1.0,2614,0,C_dyn_spiral,1
scalar_onlstm,focal,1.0,3500,False,3500,-1,65.0,nan,3500,0,C_dyn_spiral,1
scalar_onlstm,focal,1.1,3500,False,3500,-1,65.0,nan,3500,0,C_dyn_spiral,1
scalar_onlstm_blind,astar,,2500,False,2500,-1,65.0,nan,2500,0,C_dyn_spiral,1
scalar_onlstm_blind,focal,1.0,2500,False,2500,-1,65.0,nan,2500,0,C_dyn_spiral,1
scalar_onlstm_blind,focal,1.1,2500,False,2500,-1,65.0,nan,2500,0,C_dyn_spiral,1
scalar_onlstm_blind,astar,,3500,True,2829,66,65.0,1.0153846153846153,2829,0,C_dyn_spiral,1
scalar_onlstm_blind,focal,1.0,3500,False,3500,-1,65.0,nan,3500,0,C_dyn_spiral,1
scalar_onlstm_blind,focal,1.1,3500,False,3500,-1,65.0,nan,3500,0,C_dyn_spiral,1
field_unet,astar,,2500,True,1369,65,65.0,1.0,1369,0,C_dyn_spiral,1
field_unet,focal,1.0,2500,False,2500,-1,65.0,nan,2500,0,C_dyn_spiral,1
field_unet,focal,1.1,2500,False,2500,-1,65.0,nan,2500,0,C_dyn_spiral,1
field_unet,astar,,3500,True,1369,65,65.0,1.0,1369,0,C_dyn_spiral,1
field_unet,focal,1.0,3500,False,3500,-1,65.0,nan,3500,0,C_dyn_spiral,1
field_unet,focal,1.1,3500,False,3500,-1,65.0,nan,3500,0,C_dyn_spiral,1
field_unet_blind,astar,,2500,True,1416,66,65.0,1.0153846153846153,1416,0,C_dyn_spiral,1
field_unet_blind,focal,1.0,2500,False,2500,-1,65.0,nan,2500,0,C_dyn_spiral,1
field_unet_blind,focal,1.1,2500,False,2500,-1,65.0,nan,2500,0,C_dyn_spiral,1
field_unet_blind,astar,,3500,True,1416,66,65.0,1.0153846153846153,1416,0,C_dyn_spiral,1
field_unet_blind,focal,1.0,3500,False,3500,-1,65.0,nan,3500,0,C_dyn_spiral,1
field_unet_blind,focal,1.1,3500,False,3500,-1,65.0,nan,3500,0,C_dyn_spiral,1
field_hrm,astar,,2500,True,694,65,65.0,1.0,694,0,C_dyn_spiral,1
field_hrm,focal,1.0,2500,False,2500,-1,65.0,nan,2500,0,C_dyn_spiral,1
field_hrm,focal,1.1,2500,False,2500,-1,65.0,nan,2500,0,C_dyn_spiral,1
field_hrm,astar,,3500,True,694,65,65.0,1.0,694,0,C_dyn_spiral,1
field_hrm,focal,1.0,3500,False,3500,-1,65.0,nan,3500,0,C_dyn_spiral,1
field_hrm,focal,1.1,3500,False,3500,-1,65.0,nan,3500,0,C_dyn_spiral,1
field_hrm_blind,astar,,2500,True,1041,65,65.0,1.0,1041,0,C_dyn_spiral,1
field_hrm_blind,focal,1.0,2500,False,2500,-1,65.0,nan,2500,0,C_dyn_spiral,1
field_hrm_blind,focal,1.1,2500,False,2500,-1,65.0,nan,2500,0,C_dyn_spiral,1
field_hrm_blind,astar,,3500,True,1041,65,65.0,1.0,1041,0,C_dyn_spiral,1
field_hrm_blind,focal,1.0,3500,False,3500,-1,65.0,nan,3500,0,C_dyn_spiral,1
field_hrm_blind,focal,1.1,3500,False,3500,-1,65.0,nan,3500,0,C_dyn_spiral,1
euclid,astar,,2500,False,2500,-1,56.0,nan,2500,0,C_dyn_spiral,2
euclid,focal,1.0,2500,False,2500,-1,56.0,nan,2500,0,C_dyn_spiral,2
euclid,focal,1.1,2500,False,2500,-1,56.0,nan,2500,0,C_dyn_spiral,2
euclid,astar,,3500,False,3500,-1,56.0,nan,3500,0,C_dyn_spiral,2
euclid,focal,1.0,3500,False,3500,-1,56.0,nan,3500,0,C_dyn_spiral,2
euclid,focal,1.1,3500,False,3500,-1,56.0,nan,3500,0,C_dyn_spiral,2
oracle,astar,,2500,True,172,56,56.0,1.0,172,0,C_dyn_spiral,2
oracle,focal,1.0,2500,False,2500,-1,56.0,nan,2500,0,C_dyn_spiral,2
oracle,focal,1.1,2500,False,2500,-1,56.0,nan,2500,0,C_dyn_spiral,2
oracle,astar,,3500,True,172,56,56.0,1.0,172,0,C_dyn_spiral,2
oracle,focal,1.0,3500,False,3500,-1,56.0,nan,3500,0,C_dyn_spiral,2
oracle,focal,1.1,3500,True,3473,56,56.0,1.0,3473,0,C_dyn_spiral,2
scalar_hrm,astar,,2500,True,1273,56,56.0,1.0,1273,0,C_dyn_spiral,2
scalar_hrm,focal,1.0,2500,False,2500,-1,56.0,nan,2500,0,C_dyn_spiral,2
scalar_hrm,focal,1.1,2500,False,2500,-1,56.0,nan,2500,0,C_dyn_spiral,2
scalar_hrm,astar,,3500,True,1273,56,56.0,1.0,1273,0,C_dyn_spiral,2
scalar_hrm,focal,1.0,3500,False,3500,-1,56.0,nan,3500,0,C_dyn_spiral,2
scalar_hrm,focal,1.1,3500,False,3500,-1,56.0,nan,3500,0,C_dyn_spiral,2
scalar_hrm_blind,astar,,2500,True,1493,56,56.0,1.0,1493,0,C_dyn_spiral,2
scalar_hrm_blind,focal,1.0,2500,False,2500,-1,56.0,nan,2500,0,C_dyn_spiral,2
scalar_hrm_blind,focal,1.1,2500,False,2500,-1,56.0,nan,2500,0,C_dyn_spiral,2
scalar_hrm_blind,astar,,3500,True,1493,56,56.0,1.0,1493,0,C_dyn_spiral,2
scalar_hrm_blind,focal,1.0,3500,False,3500,-1,56.0,nan,3500,0,C_dyn_spiral,2
scalar_hrm_blind,focal,1.1,3500,True,3119,56,56.0,1.0,3119,0,C_dyn_spiral,2
scalar_onlstm,astar,,2500,True,1204,57,56.0,1.0178571428571428,1204,0,C_dyn_spiral,2
scalar_onlstm,focal,1.0,2500,False,2500,-1,56.0,nan,2500,0,C_dyn_spiral,2
scalar_onlstm,focal,1.1,2500,False,2500,-1,56.0,nan,2500,0,C_dyn_spiral,2
scalar_onlstm,astar,,3500,True,1204,57,56.0,1.0178571428571428,1204,0,C_dyn_spiral,2
scalar_onlstm,focal,1.0,3500,False,3500,-1,56.0,nan,3500,0,C_dyn_spiral,2
scalar_onlstm,focal,1.1,3500,True,3408,57,56.0,1.0178571428571428,3408,0,C_dyn_spiral,2
scalar_onlstm_blind,astar,,2500,True,1197,56,56.0,1.0,1197,0,C_dyn_spiral,2
scalar_onlstm_blind,focal,1.0,2500,False,2500,-1,56.0,nan,2500,0,C_dyn_spiral,2
scalar_onlstm_blind,focal,1.1,2500,False,2500,-1,56.0,nan,2500,0,C_dyn_spiral,2
scalar_onlstm_blind,astar,,3500,True,1197,56,56.0,1.0,1197,0,C_dyn_spiral,2
scalar_onlstm_blind,focal,1.0,3500,False,3500,-1,56.0,nan,3500,0,C_dyn_spiral,2
scalar_onlstm_blind,focal,1.1,3500,True,2976,56,56.0,1.0,2976,0,C_dyn_spiral,2
field_unet,astar,,2500,True,818,56,56.0,1.0,818,0,C_dyn_spiral,2
field_unet,focal,1.0,2500,False,2500,-1,56.0,nan,2500,0,C_dyn_spiral,2
field_unet,focal,1.1,2500,False,2500,-1,56.0,nan,2500,0,C_dyn_spiral,2
field_unet,astar,,3500,True,818,56,56.0,1.0,818,0,C_dyn_spiral,2
field_unet,focal,1.0,3500,False,3500,-1,56.0,nan,3500,0,C_dyn_spiral,2
field_unet,focal,1.1,3500,True,3409,57,56.0,1.0178571428571428,3409,0,C_dyn_spiral,2
field_unet_blind,astar,,2500,True,952,56,56.0,1.0,952,0,C_dyn_spiral,2
field_unet_blind,focal,1.0,2500,False,2500,-1,56.0,nan,2500,0,C_dyn_spiral,2
field_unet_blind,focal,1.1,2500,False,2500,-1,56.0,nan,2500,0,C_dyn_spiral,2
field_unet_blind,astar,,3500,True,952,56,56.0,1.0,952,0,C_dyn_spiral,2
field_unet_blind,focal,1.0,3500,False,3500,-1,56.0,nan,3500,0,C_dyn_spiral,2
field_unet_blind,focal,1.1,3500,True,3035,56,56.0,1.0,3035,0,C_dyn_spiral,2
field_hrm,astar,,2500,True,468,56,56.0,1.0,468,0,C_dyn_spiral,2
field_hrm,focal,1.0,2500,False,2500,-1,56.0,nan,2500,0,C_dyn_spiral,2
field_hrm,focal,1.1,2500,False,2500,-1,56.0,nan,2500,0,C_dyn_spiral,2
field_hrm,astar,,3500,True,468,56,56.0,1.0,468,0,C_dyn_spiral,2
field_hrm,focal,1.0,3500,False,3500,-1,56.0,nan,3500,0,C_dyn_spiral,2
field_hrm,focal,1.1,3500,False,3500,-1,56.0,nan,3500,0,C_dyn_spiral,2
field_hrm_blind,astar,,2500,True,716,56,56.0,1.0,716,0,C_dyn_spiral,2
field_hrm_blind,focal,1.0,2500,False,2500,-1,56.0,nan,2500,0,C_dyn_spiral,2
field_hrm_blind,focal,1.1,2500,False,2500,-1,56.0,nan,2500,0,C_dyn_spiral,2
field_hrm_blind,astar,,3500,True,716,56,56.0,1.0,716,0,C_dyn_spiral,2
field_hrm_blind,focal,1.0,3500,False,3500,-1,56.0,nan,3500,0,C_dyn_spiral,2
field_hrm_blind,focal,1.1,3500,True,3202,56,56.0,1.0,3202,0,C_dyn_spiral,2
euclid,astar,,2500,False,2500,-1,55.0,nan,2500,0,C_dyn_spiral,3
euclid,focal,1.0,2500,False,2500,-1,55.0,nan,2500,0,C_dyn_spiral,3
euclid,focal,1.1,2500,False,2500,-1,55.0,nan,2500,0,C_dyn_spiral,3
euclid,astar,,3500,False,3500,-1,55.0,nan,3500,0,C_dyn_spiral,3
euclid,focal,1.0,3500,False,3500,-1,55.0,nan,3500,0,C_dyn_spiral,3
euclid,focal,1.1,3500,True,3498,55,55.0,1.0,3498,0,C_dyn_spiral,3
oracle,astar,,2500,True,122,55,55.0,1.0,122,0,C_dyn_spiral,3
oracle,focal,1.0,2500,False,2500,-1,55.0,nan,2500,0,C_dyn_spiral,3
oracle,focal,1.1,2500,False,2500,-1,55.0,nan,2500,0,C_dyn_spiral,3
oracle,astar,,3500,True,122,55,55.0,1.0,122,0,C_dyn_spiral,3
oracle,focal,1.0,3500,False,3500,-1,55.0,nan,3500,0,C_dyn_spiral,3
oracle,focal,1.1,3500,True,3282,55,55.0,1.0,3282,0,C_dyn_spiral,3
scalar_hrm,astar,,2500,True,1945,56,55.0,1.018181818181818,1945,0,C_dyn_spiral,3
scalar_hrm,focal,1.0,2500,False,2500,-1,55.0,nan,2500,0,C_dyn_spiral,3
scalar_hrm,focal,1.1,2500,False,2500,-1,55.0,nan,2500,0,C_dyn_spiral,3
scalar_hrm,astar,,3500,True,1945,56,55.0,1.018181818181818,1945,0,C_dyn_spiral,3
scalar_hrm,focal,1.0,3500,False,3500,-1,55.0,nan,3500,0,C_dyn_spiral,3
scalar_hrm,focal,1.1,3500,True,3499,55,55.0,1.0,3499,0,C_dyn_spiral,3
scalar_hrm_blind,astar,,2500,True,2195,55,55.0,1.0,2195,0,C_dyn_spiral,3
scalar_hrm_blind,focal,1.0,2500,False,2500,-1,55.0,nan,2500,0,C_dyn_spiral,3
scalar_hrm_blind,focal,1.1,2500,False,2500,-1,55.0,nan,2500,0,C_dyn_spiral,3
scalar_hrm_blind,astar,,3500,True,2195,55,55.0,1.0,2195,0,C_dyn_spiral,3
scalar_hrm_blind,focal,1.0,3500,False,3500,-1,55.0,nan,3500,0,C_dyn_spiral,3
scalar_hrm_blind,focal,1.1,3500,True,3340,55,55.0,1.0,3340,0,C_dyn_spiral,3
scalar_onlstm,astar,,2500,True,1597,59,55.0,1.0727272727272728,1597,0,C_dyn_spiral,3
scalar_onlstm,focal,1.0,2500,False,2500,-1,55.0,nan,2500,0,C_dyn_spiral,3
scalar_onlstm,focal,1.1,2500,False,2500,-1,55.0,nan,2500,0,C_dyn_spiral,3
scalar_onlstm,astar,,3500,True,1597,59,55.0,1.0727272727272728,1597,0,C_dyn_spiral,3
scalar_onlstm,focal,1.0,3500,False,3500,-1,55.0,nan,3500,0,C_dyn_spiral,3
scalar_onlstm,focal,1.1,3500,True,3291,55,55.0,1.0,3291,0,C_dyn_spiral,3
scalar_onlstm_blind,astar,,2500,True,1457,59,55.0,1.0727272727272728,1457,0,C_dyn_spiral,3
scalar_onlstm_blind,focal,1.0,2500,False,2500,-1,55.0,nan,2500,0,C_dyn_spiral,3
scalar_onlstm_blind,focal,1.1,2500,False,2500,-1,55.0,nan,2500,0,C_dyn_spiral,3
scalar_onlstm_blind,astar,,3500,True,1457,59,55.0,1.0727272727272728,1457,0,C_dyn_spiral,3
scalar_onlstm_blind,focal,1.0,3500,False,3500,-1,55.0,nan,3500,0,C_dyn_spiral,3
scalar_onlstm_blind,focal,1.1,3500,False,3500,-1,55.0,nan,3500,0,C_dyn_spiral,3
field_unet,astar,,2500,True,303,56,55.0,1.018181818181818,303,0,C_dyn_spiral,3
field_unet,focal,1.0,2500,False,2500,-1,55.0,nan,2500,0,C_dyn_spiral,3
field_unet,focal,1.1,2500,False,2500,-1,55.0,nan,2500,0,C_dyn_spiral,3
field_unet,astar,,3500,True,303,56,55.0,1.018181818181818,303,0,C_dyn_spiral,3
field_unet,focal,1.0,3500,False,3500,-1,55.0,nan,3500,0,C_dyn_spiral,3
field_unet,focal,1.1,3500,True,3481,55,55.0,1.0,3481,0,C_dyn_spiral,3
field_unet_blind,astar,,2500,True,440,57,55.0,1.0363636363636364,440,0,C_dyn_spiral,3
field_unet_blind,focal,1.0,2500,False,2500,-1,55.0,nan,2500,0,C_dyn_spiral,3
field_unet_blind,focal,1.1,2500,False,2500,-1,55.0,nan,2500,0,C_dyn_spiral,3
field_unet_blind,astar,,3500,True,440,57,55.0,1.0363636363636364,440,0,C_dyn_spiral,3
field_unet_blind,focal,1.0,3500,False,3500,-1,55.0,nan,3500,0,C_dyn_spiral,3
field_unet_blind,focal,1.1,3500,True,3377,55,55.0,1.0,3377,0,C_dyn_spiral,3
field_hrm,astar,,2500,True,292,56,55.0,1.018181818181818,292,0,C_dyn_spiral,3
field_hrm,focal,1.0,2500,False,2500,-1,55.0,nan,2500,0,C_dyn_spiral,3
field_hrm,focal,1.1,2500,False,2500,-1,55.0,nan,2500,0,C_dyn_spiral,3
field_hrm,astar,,3500,True,292,56,55.0,1.018181818181818,292,0,C_dyn_spiral,3
field_hrm,focal,1.0,3500,False,3500,-1,55.0,nan,3500,0,C_dyn_spiral,3
field_hrm,focal,1.1,3500,True,3465,56,55.0,1.018181818181818,3465,0,C_dyn_spiral,3
field_hrm_blind,astar,,2500,True,223,55,55.0,1.0,223,0,C_dyn_spiral,3
field_hrm_blind,focal,1.0,2500,False,2500,-1,55.0,nan,2500,0,C_dyn_spiral,3
field_hrm_blind,focal,1.1,2500,False,2500,-1,55.0,nan,2500,0,C_dyn_spiral,3
field_hrm_blind,astar,,3500,True,223,55,55.0,1.0,223,0,C_dyn_spiral,3
field_hrm_blind,focal,1.0,3500,False,3500,-1,55.0,nan,3500,0,C_dyn_spiral,3
field_hrm_blind,focal,1.1,3500,True,3029,55,55.0,1.0,3029,0,C_dyn_spiral,3
euclid,astar,,2500,True,2276,52,52.0,1.0,2276,0,C_dyn_spiral,4
euclid,focal,1.0,2500,True,2276,52,52.0,1.0,2276,0,C_dyn_spiral,4
euclid,focal,1.1,2500,True,2157,52,52.0,1.0,2157,0,C_dyn_spiral,4
euclid,astar,,3500,True,2276,52,52.0,1.0,2276,0,C_dyn_spiral,4
euclid,focal,1.0,3500,True,2276,52,52.0,1.0,2276,0,C_dyn_spiral,4
euclid,focal,1.1,3500,True,2157,52,52.0,1.0,2157,0,C_dyn_spiral,4
oracle,astar,,2500,True,48,52,52.0,1.0,48,0,C_dyn_spiral,4
oracle,focal,1.0,2500,True,2276,52,52.0,1.0,2276,0,C_dyn_spiral,4
oracle,focal,1.1,2500,True,2269,52,52.0,1.0,2269,0,C_dyn_spiral,4
oracle,astar,,3500,True,48,52,52.0,1.0,48,0,C_dyn_spiral,4
oracle,focal,1.0,3500,True,2276,52,52.0,1.0,2276,0,C_dyn_spiral,4
oracle,focal,1.1,3500,True,2269,52,52.0,1.0,2269,0,C_dyn_spiral,4
scalar_hrm,astar,,2500,True,749,52,52.0,1.0,749,0,C_dyn_spiral,4
scalar_hrm,focal,1.0,2500,True,2276,52,52.0,1.0,2276,0,C_dyn_spiral,4
scalar_hrm,focal,1.1,2500,True,2169,55,52.0,1.0576923076923077,2169,0,C_dyn_spiral,4
scalar_hrm,astar,,3500,True,749,52,52.0,1.0,749,0,C_dyn_spiral,4
scalar_hrm,focal,1.0,3500,True,2276,52,52.0,1.0,2276,0,C_dyn_spiral,4
scalar_hrm,focal,1.1,3500,True,2169,55,52.0,1.0576923076923077,2169,0,C_dyn_spiral,4
scalar_hrm_blind,astar,,2500,True,679,52,52.0,1.0,679,0,C_dyn_spiral,4
scalar_hrm_blind,focal,1.0,2500,True,2276,52,52.0,1.0,2276,0,C_dyn_spiral,4
scalar_hrm_blind,focal,1.1,2500,True,2106,52,52.0,1.0,2106,0,C_dyn_spiral,4
scalar_hrm_blind,astar,,3500,True,679,52,52.0,1.0,679,0,C_dyn_spiral,4
scalar_hrm_blind,focal,1.0,3500,True,2276,52,52.0,1.0,2276,0,C_dyn_spiral,4
scalar_hrm_blind,focal,1.1,3500,True,2106,52,52.0,1.0,2106,0,C_dyn_spiral,4
scalar_onlstm,astar,,2500,True,446,53,52.0,1.0192307692307692,446,0,C_dyn_spiral,4
scalar_onlstm,focal,1.0,2500,True,2276,52,52.0,1.0,2276,0,C_dyn_spiral,4
scalar_onlstm,focal,1.1,2500,True,1909,52,52.0,1.0,1909,0,C_dyn_spiral,4
scalar_onlstm,astar,,3500,True,446,53,52.0,1.0192307692307692,446,0,C_dyn_spiral,4
scalar_onlstm,focal,1.0,3500,True,2276,52,52.0,1.0,2276,0,C_dyn_spiral,4
scalar_onlstm,focal,1.1,3500,True,1909,52,52.0,1.0,1909,0,C_dyn_spiral,4
scalar_onlstm_blind,astar,,2500,True,523,52,52.0,1.0,523,0,C_dyn_spiral,4
scalar_onlstm_blind,focal,1.0,2500,True,2276,52,52.0,1.0,2276,0,C_dyn_spiral,4
scalar_onlstm_blind,focal,1.1,2500,True,2144,52,52.0,1.0,2144,0,C_dyn_spiral,4
scalar_onlstm_blind,astar,,3500,True,523,52,52.0,1.0,523,0,C_dyn_spiral,4
scalar_onlstm_blind,focal,1.0,3500,True,2276,52,52.0,1.0,2276,0,C_dyn_spiral,4
scalar_onlstm_blind,focal,1.1,3500,True,2144,52,52.0,1.0,2144,0,C_dyn_spiral,4
field_unet,astar,,2500,True,269,52,52.0,1.0,269,0,C_dyn_spiral,4
field_unet,focal,1.0,2500,True,2276,52,52.0,1.0,2276,0,C_dyn_spiral,4
field_unet,focal,1.1,2500,True,2107,52,52.0,1.0,2107,0,C_dyn_spiral,4
field_unet,astar,,3500,True,269,52,52.0,1.0,269,0,C_dyn_spiral,4
field_unet,focal,1.0,3500,True,2276,52,52.0,1.0,2276,0,C_dyn_spiral,4
field_unet,focal,1.1,3500,True,2107,52,52.0,1.0,2107,0,C_dyn_spiral,4
field_unet_blind,astar,,2500,True,373,54,52.0,1.0384615384615385,373,0,C_dyn_spiral,4
field_unet_blind,focal,1.0,2500,True,2276,52,52.0,1.0,2276,0,C_dyn_spiral,4
field_unet_blind,focal,1.1,2500,True,2272,52,52.0,1.0,2272,0,C_dyn_spiral,4
field_unet_blind,astar,,3500,True,373,54,52.0,1.0384615384615385,373,0,C_dyn_spiral,4
field_unet_blind,focal,1.0,3500,True,2276,52,52.0,1.0,2276,0,C_dyn_spiral,4
field_unet_blind,focal,1.1,3500,True,2272,52,52.0,1.0,2272,0,C_dyn_spiral,4
field_hrm,astar,,2500,True,563,54,52.0,1.0384615384615385,563,0,C_dyn_spiral,4
field_hrm,focal,1.0,2500,True,2276,52,52.0,1.0,2276,0,C_dyn_spiral,4
field_hrm,focal,1.1,2500,True,2222,52,52.0,1.0,2222,0,C_dyn_spiral,4
field_hrm,astar,,3500,True,563,54,52.0,1.0384615384615385,563,0,C_dyn_spiral,4
field_hrm,focal,1.0,3500,True,2276,52,52.0,1.0,2276,0,C_dyn_spiral,4
field_hrm,focal,1.1,3500,True,2222,52,52.0,1.0,2222,0,C_dyn_spiral,4
field_hrm_blind,astar,,2500,True,135,52,52.0,1.0,135,0,C_dyn_spiral,4
field_hrm_blind,focal,1.0,2500,True,2276,52,52.0,1.0,2276,0,C_dyn_spiral,4
field_hrm_blind,focal,1.1,2500,True,2022,52,52.0,1.0,2022,0,C_dyn_spiral,4
field_hrm_blind,astar,,3500,True,135,52,52.0,1.0,135,0,C_dyn_spiral,4
field_hrm_blind,focal,1.0,3500,True,2276,52,52.0,1.0,2276,0,C_dyn_spiral,4
field_hrm_blind,focal,1.1,3500,True,2022,52,52.0,1.0,2022,0,C_dyn_spiral,4
euclid,astar,,2500,True,2138,45,45.0,1.0,2138,0,C_dyn_spiral,5
euclid,focal,1.0,2500,True,2138,45,45.0,1.0,2138,0,C_dyn_spiral,5
euclid,focal,1.1,2500,True,2044,45,45.0,1.0,2044,0,C_dyn_spiral,5
euclid,astar,,3500,True,2138,45,45.0,1.0,2138,0,C_dyn_spiral,5
euclid,focal,1.0,3500,True,2138,45,45.0,1.0,2138,0,C_dyn_spiral,5
euclid,focal,1.1,3500,True,2044,45,45.0,1.0,2044,0,C_dyn_spiral,5
oracle,astar,,2500,True,418,45,45.0,1.0,418,0,C_dyn_spiral,5
oracle,focal,1.0,2500,True,2138,45,45.0,1.0,2138,0,C_dyn_spiral,5
oracle,focal,1.1,2500,True,1755,45,45.0,1.0,1755,0,C_dyn_spiral,5
oracle,astar,,3500,True,418,45,45.0,1.0,418,0,C_dyn_spiral,5
oracle,focal,1.0,3500,True,2138,45,45.0,1.0,2138,0,C_dyn_spiral,5
oracle,focal,1.1,3500,True,1755,45,45.0,1.0,1755,0,C_dyn_spiral,5
scalar_hrm,astar,,2500,True,1153,45,45.0,1.0,1153,0,C_dyn_spiral,5
scalar_hrm,focal,1.0,2500,True,2138,45,45.0,1.0,2138,0,C_dyn_spiral,5
scalar_hrm,focal,1.1,2500,True,2112,45,45.0,1.0,2112,0,C_dyn_spiral,5
scalar_hrm,astar,,3500,True,1153,45,45.0,1.0,1153,0,C_dyn_spiral,5
scalar_hrm,focal,1.0,3500,True,2138,45,45.0,1.0,2138,0,C_dyn_spiral,5
scalar_hrm,focal,1.1,3500,True,2112,45,45.0,1.0,2112,0,C_dyn_spiral,5
scalar_hrm_blind,astar,,2500,True,939,45,45.0,1.0,939,0,C_dyn_spiral,5
scalar_hrm_blind,focal,1.0,2500,True,2138,45,45.0,1.0,2138,0,C_dyn_spiral,5
scalar_hrm_blind,focal,1.1,2500,True,1989,45,45.0,1.0,1989,0,C_dyn_spiral,5
scalar_hrm_blind,astar,,3500,True,939,45,45.0,1.0,939,0,C_dyn_spiral,5
scalar_hrm_blind,focal,1.0,3500,True,2138,45,45.0,1.0,2138,0,C_dyn_spiral,5
scalar_hrm_blind,focal,1.1,3500,True,1989,45,45.0,1.0,1989,0,C_dyn_spiral,5
scalar_onlstm,astar,,2500,True,654,45,45.0,1.0,654,0,C_dyn_spiral,5
scalar_onlstm,focal,1.0,2500,True,2138,45,45.0,1.0,2138,0,C_dyn_spiral,5
scalar_onlstm,focal,1.1,2500,True,1731,45,45.0,1.0,1731,0,C_dyn_spiral,5
scalar_onlstm,astar,,3500,True,654,45,45.0,1.0,654,0,C_dyn_spiral,5
scalar_onlstm,focal,1.0,3500,True,2138,45,45.0,1.0,2138,0,C_dyn_spiral,5
scalar_onlstm,focal,1.1,3500,True,1731,45,45.0,1.0,1731,0,C_dyn_spiral,5
scalar_onlstm_blind,astar,,2500,True,1167,45,45.0,1.0,1167,0,C_dyn_spiral,5
scalar_onlstm_blind,focal,1.0,2500,True,2138,45,45.0,1.0,2138,0,C_dyn_spiral,5
scalar_onlstm_blind,focal,1.1,2500,True,1907,46,45.0,1.0222222222222221,1907,0,C_dyn_spiral,5
scalar_onlstm_blind,astar,,3500,True,1167,45,45.0,1.0,1167,0,C_dyn_spiral,5
scalar_onlstm_blind,focal,1.0,3500,True,2138,45,45.0,1.0,2138,0,C_dyn_spiral,5
scalar_onlstm_blind,focal,1.1,3500,True,1907,46,45.0,1.0222222222222221,1907,0,C_dyn_spiral,5
field_unet,astar,,2500,True,397,45,45.0,1.0,397,0,C_dyn_spiral,5
field_unet,focal,1.0,2500,True,2138,45,45.0,1.0,2138,0,C_dyn_spiral,5
field_unet,focal,1.1,2500,True,2128,45,45.0,1.0,2128,0,C_dyn_spiral,5
field_unet,astar,,3500,True,397,45,45.0,1.0,397,0,C_dyn_spiral,5
field_unet,focal,1.0,3500,True,2138,45,45.0,1.0,2138,0,C_dyn_spiral,5
field_unet,focal,1.1,3500,True,2128,45,45.0,1.0,2128,0,C_dyn_spiral,5
field_unet_blind,astar,,2500,True,414,46,45.0,1.0222222222222221,414,0,C_dyn_spiral,5
field_unet_blind,focal,1.0,2500,True,2138,45,45.0,1.0,2138,0,C_dyn_spiral,5
field_unet_blind,focal,1.1,2500,True,2015,45,45.0,1.0,2015,0,C_dyn_spiral,5
field_unet_blind,astar,,3500,True,414,46,45.0,1.0222222222222221,414,0,C_dyn_spiral,5
field_unet_blind,focal,1.0,3500,True,2138,45,45.0,1.0,2138,0,C_dyn_spiral,5
field_unet_blind,focal,1.1,3500,True,2015,45,45.0,1.0,2015,0,C_dyn_spiral,5
field_hrm,astar,,2500,True,402,45,45.0,1.0,402,0,C_dyn_spiral,5
field_hrm,focal,1.0,2500,True,2138,45,45.0,1.0,2138,0,C_dyn_spiral,5
field_hrm,focal,1.1,2500,True,2075,45,45.0,1.0,2075,0,C_dyn_spiral,5
field_hrm,astar,,3500,True,402,45,45.0,1.0,402,0,C_dyn_spiral,5
field_hrm,focal,1.0,3500,True,2138,45,45.0,1.0,2138,0,C_dyn_spiral,5
field_hrm,focal,1.1,3500,True,2075,45,45.0,1.0,2075,0,C_dyn_spiral,5
field_hrm_blind,astar,,2500,True,286,45,45.0,1.0,286,0,C_dyn_spiral,5
field_hrm_blind,focal,1.0,2500,True,2138,45,45.0,1.0,2138,0,C_dyn_spiral,5
field_hrm_blind,focal,1.1,2500,True,1782,45,45.0,1.0,1782,0,C_dyn_spiral,5
field_hrm_blind,astar,,3500,True,286,45,45.0,1.0,286,0,C_dyn_spiral,5
field_hrm_blind,focal,1.0,3500,True,2138,45,45.0,1.0,2138,0,C_dyn_spiral,5
field_hrm_blind,focal,1.1,3500,True,1782,45,45.0,1.0,1782,0,C_dyn_spiral,5
euclid,astar,,2500,False,2500,-1,67.0,nan,2500,0,C_dyn_spiral,6
euclid,focal,1.0,2500,False,2500,-1,67.0,nan,2500,0,C_dyn_spiral,6
euclid,focal,1.1,2500,False,2500,-1,67.0,nan,2500,0,C_dyn_spiral,6
euclid,astar,,3500,False,3500,-1,67.0,nan,3500,0,C_dyn_spiral,6
euclid,focal,1.0,3500,False,3500,-1,67.0,nan,3500,0,C_dyn_spiral,6
euclid,focal,1.1,3500,False,3500,-1,67.0,nan,3500,0,C_dyn_spiral,6
oracle,astar,,2500,True,141,67,67.0,1.0,141,0,C_dyn_spiral,6
oracle,focal,1.0,2500,False,2500,-1,67.0,nan,2500,0,C_dyn_spiral,6
oracle,focal,1.1,2500,False,2500,-1,67.0,nan,2500,0,C_dyn_spiral,6
oracle,astar,,3500,True,141,67,67.0,1.0,141,0,C_dyn_spiral,6
oracle,focal,1.0,3500,False,3500,-1,67.0,nan,3500,0,C_dyn_spiral,6
oracle,focal,1.1,3500,False,3500,-1,67.0,nan,3500,0,C_dyn_spiral,6
scalar_hrm,astar,,2500,True,1910,67,67.0,1.0,1910,0,C_dyn_spiral,6
scalar_hrm,focal,1.0,2500,False,2500,-1,67.0,nan,2500,0,C_dyn_spiral,6
scalar_hrm,focal,1.1,2500,False,2500,-1,67.0,nan,2500,0,C_dyn_spiral,6
scalar_hrm,astar,,3500,True,1910,67,67.0,1.0,1910,0,C_dyn_spiral,6
scalar_hrm,focal,1.0,3500,False,3500,-1,67.0,nan,3500,0,C_dyn_spiral,6
scalar_hrm,focal,1.1,3500,False,3500,-1,67.0,nan,3500,0,C_dyn_spiral,6
scalar_hrm_blind,astar,,2500,True,2483,67,67.0,1.0,2483,0,C_dyn_spiral,6
scalar_hrm_blind,focal,1.0,2500,False,2500,-1,67.0,nan,2500,0,C_dyn_spiral,6
scalar_hrm_blind,focal,1.1,2500,False,2500,-1,67.0,nan,2500,0,C_dyn_spiral,6
scalar_hrm_blind,astar,,3500,True,2483,67,67.0,1.0,2483,0,C_dyn_spiral,6
scalar_hrm_blind,focal,1.0,3500,False,3500,-1,67.0,nan,3500,0,C_dyn_spiral,6
scalar_hrm_blind,focal,1.1,3500,False,3500,-1,67.0,nan,3500,0,C_dyn_spiral,6
scalar_onlstm,astar,,2500,True,1381,67,67.0,1.0,1381,0,C_dyn_spiral,6
scalar_onlstm,focal,1.0,2500,False,2500,-1,67.0,nan,2500,0,C_dyn_spiral,6
scalar_onlstm,focal,1.1,2500,False,2500,-1,67.0,nan,2500,0,C_dyn_spiral,6
scalar_onlstm,astar,,3500,True,1381,67,67.0,1.0,1381,0,C_dyn_spiral,6
scalar_onlstm,focal,1.0,3500,False,3500,-1,67.0,nan,3500,0,C_dyn_spiral,6
scalar_onlstm,focal,1.1,3500,False,3500,-1,67.0,nan,3500,0,C_dyn_spiral,6
scalar_onlstm_blind,astar,,2500,True,1967,71,67.0,1.0597014925373134,1967,0,C_dyn_spiral,6
scalar_onlstm_blind,focal,1.0,2500,False,2500,-1,67.0,nan,2500,0,C_dyn_spiral,6
scalar_onlstm_blind,focal,1.1,2500,False,2500,-1,67.0,nan,2500,0,C_dyn_spiral,6
scalar_onlstm_blind,astar,,3500,True,1967,71,67.0,1.0597014925373134,1967,0,C_dyn_spiral,6
scalar_onlstm_blind,focal,1.0,3500,False,3500,-1,67.0,nan,3500,0,C_dyn_spiral,6
scalar_onlstm_blind,focal,1.1,3500,False,3500,-1,67.0,nan,3500,0,C_dyn_spiral,6
field_unet,astar,,2500,True,1060,67,67.0,1.0,1060,0,C_dyn_spiral,6
field_unet,focal,1.0,2500,False,2500,-1,67.0,nan,2500,0,C_dyn_spiral,6
field_unet,focal,1.1,2500,False,2500,-1,67.0,nan,2500,0,C_dyn_spiral,6
field_unet,astar,,3500,True,1060,67,67.0,1.0,1060,0,C_dyn_spiral,6
field_unet,focal,1.0,3500,False,3500,-1,67.0,nan,3500,0,C_dyn_spiral,6
field_unet,focal,1.1,3500,False,3500,-1,67.0,nan,3500,0,C_dyn_spiral,6
field_unet_blind,astar,,2500,True,1013,67,67.0,1.0,1013,0,C_dyn_spiral,6
field_unet_blind,focal,1.0,2500,False,2500,-1,67.0,nan,2500,0,C_dyn_spiral,6
field_unet_blind,focal,1.1,2500,False,2500,-1,67.0,nan,2500,0,C_dyn_spiral,6
field_unet_blind,astar,,3500,True,1013,67,67.0,1.0,1013,0,C_dyn_spiral,6
field_unet_blind,focal,1.0,3500,False,3500,-1,67.0,nan,3500,0,C_dyn_spiral,6
field_unet_blind,focal,1.1,3500,False,3500,-1,67.0,nan,3500,0,C_dyn_spiral,6
field_hrm,astar,,2500,True,1094,67,67.0,1.0,1094,0,C_dyn_spiral,6
field_hrm,focal,1.0,2500,False,2500,-1,67.0,nan,2500,0,C_dyn_spiral,6
field_hrm,focal,1.1,2500,False,2500,-1,67.0,nan,2500,0,C_dyn_spiral,6
field_hrm,astar,,3500,True,1094,67,67.0,1.0,1094,0,C_dyn_spiral,6
field_hrm,focal,1.0,3500,False,3500,-1,67.0,nan,3500,0,C_dyn_spiral,6
field_hrm,focal,1.1,3500,False,3500,-1,67.0,nan,3500,0,C_dyn_spiral,6
field_hrm_blind,astar,,2500,True,922,67,67.0,1.0,922,0,C_dyn_spiral,6
field_hrm_blind,focal,1.0,2500,False,2500,-1,67.0,nan,2500,0,C_dyn_spiral,6
field_hrm_blind,focal,1.1,2500,False,2500,-1,67.0,nan,2500,0,C_dyn_spiral,6
field_hrm_blind,astar,,3500,True,922,67,67.0,1.0,922,0,C_dyn_spiral,6
field_hrm_blind,focal,1.0,3500,False,3500,-1,67.0,nan,3500,0,C_dyn_spiral,6
field_hrm_blind,focal,1.1,3500,False,3500,-1,67.0,nan,3500,0,C_dyn_spiral,6
euclid,astar,,2500,False,2500,-1,57.0,nan,2500,0,C_dyn_spiral,7
euclid,focal,1.0,2500,False,2500,-1,57.0,nan,2500,0,C_dyn_spiral,7
euclid,focal,1.1,2500,False,2500,-1,57.0,nan,2500,0,C_dyn_spiral,7
euclid,astar,,3500,False,3500,-1,57.0,nan,3500,0,C_dyn_spiral,7
euclid,focal,1.0,3500,False,3500,-1,57.0,nan,3500,0,C_dyn_spiral,7
euclid,focal,1.1,3500,False,3500,-1,57.0,nan,3500,0,C_dyn_spiral,7
oracle,astar,,2500,True,262,57,57.0,1.0,262,0,C_dyn_spiral,7
oracle,focal,1.0,2500,False,2500,-1,57.0,nan,2500,0,C_dyn_spiral,7
oracle,focal,1.1,2500,False,2500,-1,57.0,nan,2500,0,C_dyn_spiral,7
oracle,astar,,3500,True,262,57,57.0,1.0,262,0,C_dyn_spiral,7
oracle,focal,1.0,3500,False,3500,-1,57.0,nan,3500,0,C_dyn_spiral,7
oracle,focal,1.1,3500,False,3500,-1,57.0,nan,3500,0,C_dyn_spiral,7
scalar_hrm,astar,,2500,True,864,57,57.0,1.0,864,0,C_dyn_spiral,7
scalar_hrm,focal,1.0,2500,False,2500,-1,57.0,nan,2500,0,C_dyn_spiral,7
scalar_hrm,focal,1.1,2500,False,2500,-1,57.0,nan,2500,0,C_dyn_spiral,7
scalar_hrm,astar,,3500,True,864,57,57.0,1.0,864,0,C_dyn_spiral,7
scalar_hrm,focal,1.0,3500,False,3500,-1,57.0,nan,3500,0,C_dyn_spiral,7
scalar_hrm,focal,1.1,3500,False,3500,-1,57.0,nan,3500,0,C_dyn_spiral,7
scalar_hrm_blind,astar,,2500,True,1350,57,57.0,1.0,1350,0,C_dyn_spiral,7
scalar_hrm_blind,focal,1.0,2500,False,2500,-1,57.0,nan,2500,0,C_dyn_spiral,7
scalar_hrm_blind,focal,1.1,2500,False,2500,-1,57.0,nan,2500,0,C_dyn_spiral,7
scalar_hrm_blind,astar,,3500,True,1350,57,57.0,1.0,1350,0,C_dyn_spiral,7
scalar_hrm_blind,focal,1.0,3500,False,3500,-1,57.0,nan,3500,0,C_dyn_spiral,7
scalar_hrm_blind,focal,1.1,3500,True,3432,59,57.0,1.0350877192982457,3432,0,C_dyn_spiral,7
scalar_onlstm,astar,,2500,True,468,57,57.0,1.0,468,0,C_dyn_spiral,7
scalar_onlstm,focal,1.0,2500,False,2500,-1,57.0,nan,2500,0,C_dyn_spiral,7
scalar_onlstm,focal,1.1,2500,False,2500,-1,57.0,nan,2500,0,C_dyn_spiral,7
scalar_onlstm,astar,,3500,True,468,57,57.0,1.0,468,0,C_dyn_spiral,7
scalar_onlstm,focal,1.0,3500,False,3500,-1,57.0,nan,3500,0,C_dyn_spiral,7
scalar_onlstm,focal,1.1,3500,False,3500,-1,57.0,nan,3500,0,C_dyn_spiral,7
scalar_onlstm_blind,astar,,2500,True,1145,57,57.0,1.0,1145,0,C_dyn_spiral,7
scalar_onlstm_blind,focal,1.0,2500,False,2500,-1,57.0,nan,2500,0,C_dyn_spiral,7
scalar_onlstm_blind,focal,1.1,2500,False,2500,-1,57.0,nan,2500,0,C_dyn_spiral,7
scalar_onlstm_blind,astar,,3500,True,1145,57,57.0,1.0,1145,0,C_dyn_spiral,7
scalar_onlstm_blind,focal,1.0,3500,False,3500,-1,57.0,nan,3500,0,C_dyn_spiral,7
scalar_onlstm_blind,focal,1.1,3500,False,3500,-1,57.0,nan,3500,0,C_dyn_spiral,7
field_unet,astar,,2500,True,415,57,57.0,1.0,415,0,C_dyn_spiral,7
field_unet,focal,1.0,2500,False,2500,-1,57.0,nan,2500,0,C_dyn_spiral,7
field_unet,focal,1.1,2500,False,2500,-1,57.0,nan,2500,0,C_dyn_spiral,7
field_unet,astar,,3500,True,415,57,57.0,1.0,415,0,C_dyn_spiral,7
field_unet,focal,1.0,3500,False,3500,-1,57.0,nan,3500,0,C_dyn_spiral,7
field_unet,focal,1.1,3500,True,3273,57,57.0,1.0,3273,0,C_dyn_spiral,7
field_unet_blind,astar,,2500,True,459,57,57.0,1.0,459,0,C_dyn_spiral,7
field_unet_blind,focal,1.0,2500,False,2500,-1,57.0,nan,2500,0,C_dyn_spiral,7
field_unet_blind,focal,1.1,2500,False,2500,-1,57.0,nan,2500,0,C_dyn_spiral,7
field_unet_blind,astar,,3500,True,459,57,57.0,1.0,459,0,C_dyn_spiral,7
field_unet_blind,focal,1.0,3500,False,3500,-1,57.0,nan,3500,0,C_dyn_spiral,7
field_unet_blind,focal,1.1,3500,False,3500,-1,57.0,nan,3500,0,C_dyn_spiral,7
field_hrm,astar,,2500,True,216,63,57.0,1.105263157894737,216,0,C_dyn_spiral,7
field_hrm,focal,1.0,2500,False,2500,-1,57.0,nan,2500,0,C_dyn_spiral,7
field_hrm,focal,1.1,2500,False,2500,-1,57.0,nan,2500,0,C_dyn_spiral,7
field_hrm,astar,,3500,True,216,63,57.0,1.105263157894737,216,0,C_dyn_spiral,7
field_hrm,focal,1.0,3500,False,3500,-1,57.0,nan,3500,0,C_dyn_spiral,7
field_hrm,focal,1.1,3500,True,3370,58,57.0,1.0175438596491229,3370,0,C_dyn_spiral,7
field_hrm_blind,astar,,2500,True,315,58,57.0,1.0175438596491229,315,0,C_dyn_spiral,7
field_hrm_blind,focal,1.0,2500,False,2500,-1,57.0,nan,2500,0,C_dyn_spiral,7
field_hrm_blind,focal,1.1,2500,False,2500,-1,57.0,nan,2500,0,C_dyn_spiral,7
field_hrm_blind,astar,,3500,True,315,58,57.0,1.0175438596491229,315,0,C_dyn_spiral,7
field_hrm_blind,focal,1.0,3500,False,3500,-1,57.0,nan,3500,0,C_dyn_spiral,7
field_hrm_blind,focal,1.1,3500,True,3409,59,57.0,1.0350877192982457,3409,0,C_dyn_spiral,7
euclid,astar,,2500,False,2500,-1,59.0,nan,2500,0,C_dyn_spiral,8
euclid,focal,1.0,2500,False,2500,-1,59.0,nan,2500,0,C_dyn_spiral,8
euclid,focal,1.1,2500,False,2500,-1,59.0,nan,2500,0,C_dyn_spiral,8
euclid,astar,,3500,False,3500,-1,59.0,nan,3500,0,C_dyn_spiral,8
euclid,focal,1.0,3500,False,3500,-1,59.0,nan,3500,0,C_dyn_spiral,8
euclid,focal,1.1,3500,False,3500,-1,59.0,nan,3500,0,C_dyn_spiral,8
oracle,astar,,2500,True,179,59,59.0,1.0,179,0,C_dyn_spiral,8
oracle,focal,1.0,2500,False,2500,-1,59.0,nan,2500,0,C_dyn_spiral,8
oracle,focal,1.1,2500,False,2500,-1,59.0,nan,2500,0,C_dyn_spiral,8
oracle,astar,,3500,True,179,59,59.0,1.0,179,0,C_dyn_spiral,8
oracle,focal,1.0,3500,False,3500,-1,59.0,nan,3500,0,C_dyn_spiral,8
oracle,focal,1.1,3500,False,3500,-1,59.0,nan,3500,0,C_dyn_spiral,8
scalar_hrm,astar,,2500,False,2500,-1,59.0,nan,2500,0,C_dyn_spiral,8
scalar_hrm,focal,1.0,2500,False,2500,-1,59.0,nan,2500,0,C_dyn_spiral,8
scalar_hrm,focal,1.1,2500,False,2500,-1,59.0,nan,2500,0,C_dyn_spiral,8
scalar_hrm,astar,,3500,True,2551,59,59.0,1.0,2551,0,C_dyn_spiral,8
scalar_hrm,focal,1.0,3500,False,3500,-1,59.0,nan,3500,0,C_dyn_spiral,8
scalar_hrm,focal,1.1,3500,False,3500,-1,59.0,nan,3500,0,C_dyn_spiral,8
scalar_hrm_blind,astar,,2500,True,2428,59,59.0,1.0,2428,0,C_dyn_spiral,8
scalar_hrm_blind,focal,1.0,2500,False,2500,-1,59.0,nan,2500,0,C_dyn_spiral,8
scalar_hrm_blind,focal,1.1,2500,False,2500,-1,59.0,nan,2500,0,C_dyn_spiral,8
scalar_hrm_blind,astar,,3500,True,2428,59,59.0,1.0,2428,0,C_dyn_spiral,8
scalar_hrm_blind,focal,1.0,3500,False,3500,-1,59.0,nan,3500,0,C_dyn_spiral,8
scalar_hrm_blind,focal,1.1,3500,False,3500,-1,59.0,nan,3500,0,C_dyn_spiral,8
scalar_onlstm,astar,,2500,False,2500,-1,59.0,nan,2500,0,C_dyn_spiral,8
scalar_onlstm,focal,1.0,2500,False,2500,-1,59.0,nan,2500,0,C_dyn_spiral,8
scalar_onlstm,focal,1.1,2500,False,2500,-1,59.0,nan,2500,0,C_dyn_spiral,8
scalar_onlstm,astar,,3500,True,2712,59,59.0,1.0,2712,0,C_dyn_spiral,8
scalar_onlstm,focal,1.0,3500,False,3500,-1,59.0,nan,3500,0,C_dyn_spiral,8
scalar_onlstm,focal,1.1,3500,False,3500,-1,59.0,nan,3500,0,C_dyn_spiral,8
scalar_onlstm_blind,astar,,2500,True,1887,59,59.0,1.0,1887,0,C_dyn_spiral,8
scalar_onlstm_blind,focal,1.0,2500,False,2500,-1,59.0,nan,2500,0,C_dyn_spiral,8
scalar_onlstm_blind,focal,1.1,2500,False,2500,-1,59.0,nan,2500,0,C_dyn_spiral,8
scalar_onlstm_blind,astar,,3500,True,1887,59,59.0,1.0,1887,0,C_dyn_spiral,8
scalar_onlstm_blind,focal,1.0,3500,False,3500,-1,59.0,nan,3500,0,C_dyn_spiral,8
scalar_onlstm_blind,focal,1.1,3500,False,3500,-1,59.0,nan,3500,0,C_dyn_spiral,8
field_unet,astar,,2500,True,833,59,59.0,1.0,833,0,C_dyn_spiral,8
field_unet,focal,1.0,2500,False,2500,-1,59.0,nan,2500,0,C_dyn_spiral,8
field_unet,focal,1.1,2500,False,2500,-1,59.0,nan,2500,0,C_dyn_spiral,8
field_unet,astar,,3500,True,833,59,59.0,1.0,833,0,C_dyn_spiral,8
field_unet,focal,1.0,3500,False,3500,-1,59.0,nan,3500,0,C_dyn_spiral,8
field_unet,focal,1.1,3500,False,3500,-1,59.0,nan,3500,0,C_dyn_spiral,8
field_unet_blind,astar,,2500,True,984,59,59.0,1.0,984,0,C_dyn_spiral,8
field_unet_blind,focal,1.0,2500,False,2500,-1,59.0,nan,2500,0,C_dyn_spiral,8
field_unet_blind,focal,1.1,2500,False,2500,-1,59.0,nan,2500,0,C_dyn_spiral,8
field_unet_blind,astar,,3500,True,984,59,59.0,1.0,984,0,C_dyn_spiral,8
field_unet_blind,focal,1.0,3500,False,3500,-1,59.0,nan,3500,0,C_dyn_spiral,8
field_unet_blind,focal,1.1,3500,False,3500,-1,59.0,nan,3500,0,C_dyn_spiral,8
field_hrm,astar,,2500,True,1861,59,59.0,1.0,1861,0,C_dyn_spiral,8
field_hrm,focal,1.0,2500,False,2500,-1,59.0,nan,2500,0,C_dyn_spiral,8
field_hrm,focal,1.1,2500,False,2500,-1,59.0,nan,2500,0,C_dyn_spiral,8
field_hrm,astar,,3500,True,1861,59,59.0,1.0,1861,0,C_dyn_spiral,8
field_hrm,focal,1.0,3500,False,3500,-1,59.0,nan,3500,0,C_dyn_spiral,8
field_hrm,focal,1.1,3500,False,3500,-1,59.0,nan,3500,0,C_dyn_spiral,8
field_hrm_blind,astar,,2500,True,1952,59,59.0,1.0,1952,0,C_dyn_spiral,8
field_hrm_blind,focal,1.0,2500,False,2500,-1,59.0,nan,2500,0,C_dyn_spiral,8
field_hrm_blind,focal,1.1,2500,False,2500,-1,59.0,nan,2500,0,C_dyn_spiral,8
field_hrm_blind,astar,,3500,True,1952,59,59.0,1.0,1952,0,C_dyn_spiral,8
field_hrm_blind,focal,1.0,3500,False,3500,-1,59.0,nan,3500,0,C_dyn_spiral,8
field_hrm_blind,focal,1.1,3500,False,3500,-1,59.0,nan,3500,0,C_dyn_spiral,8
euclid,astar,,2500,False,2500,-1,65.0,nan,2500,0,C_dyn_spiral,9
euclid,focal,1.0,2500,False,2500,-1,65.0,nan,2500,0,C_dyn_spiral,9
euclid,focal,1.1,2500,False,2500,-1,65.0,nan,2500,0,C_dyn_spiral,9
euclid,astar,,3500,False,3500,-1,65.0,nan,3500,0,C_dyn_spiral,9
euclid,focal,1.0,3500,False,3500,-1,65.0,nan,3500,0,C_dyn_spiral,9
euclid,focal,1.1,3500,False,3500,-1,65.0,nan,3500,0,C_dyn_spiral,9
oracle,astar,,2500,True,228,65,65.0,1.0,228,0,C_dyn_spiral,9
oracle,focal,1.0,2500,False,2500,-1,65.0,nan,2500,0,C_dyn_spiral,9
oracle,focal,1.1,2500,False,2500,-1,65.0,nan,2500,0,C_dyn_spiral,9
oracle,astar,,3500,True,228,65,65.0,1.0,228,0,C_dyn_spiral,9
oracle,focal,1.0,3500,False,3500,-1,65.0,nan,3500,0,C_dyn_spiral,9
oracle,focal,1.1,3500,True,3303,65,65.0,1.0,3303,0,C_dyn_spiral,9
scalar_hrm,astar,,2500,True,1955,66,65.0,1.0153846153846153,1955,0,C_dyn_spiral,9
scalar_hrm,focal,1.0,2500,False,2500,-1,65.0,nan,2500,0,C_dyn_spiral,9
scalar_hrm,focal,1.1,2500,False,2500,-1,65.0,nan,2500,0,C_dyn_spiral,9
scalar_hrm,astar,,3500,True,1955,66,65.0,1.0153846153846153,1955,0,C_dyn_spiral,9
scalar_hrm,focal,1.0,3500,False,3500,-1,65.0,nan,3500,0,C_dyn_spiral,9
scalar_hrm,focal,1.1,3500,True,3371,67,65.0,1.0307692307692307,3371,0,C_dyn_spiral,9
scalar_hrm_blind,astar,,2500,True,2431,67,65.0,1.0307692307692307,2431,0,C_dyn_spiral,9
scalar_hrm_blind,focal,1.0,2500,False,2500,-1,65.0,nan,2500,0,C_dyn_spiral,9
scalar_hrm_blind,focal,1.1,2500,False,2500,-1,65.0,nan,2500,0,C_dyn_spiral,9
scalar_hrm_blind,astar,,3500,True,2431,67,65.0,1.0307692307692307,2431,0,C_dyn_spiral,9
scalar_hrm_blind,focal,1.0,3500,False,3500,-1,65.0,nan,3500,0,C_dyn_spiral,9
scalar_hrm_blind,focal,1.1,3500,True,2984,66,65.0,1.0153846153846153,2984,0,C_dyn_spiral,9
scalar_onlstm,astar,,2500,True,1909,66,65.0,1.0153846153846153,1909,0,C_dyn_spiral,9
scalar_onlstm,focal,1.0,2500,False,2500,-1,65.0,nan,2500,0,C_dyn_spiral,9
scalar_onlstm,focal,1.1,2500,False,2500,-1,65.0,nan,2500,0,C_dyn_spiral,9
scalar_onlstm,astar,,3500,True,1909,66,65.0,1.0153846153846153,1909,0,C_dyn_spiral,9
scalar_onlstm,focal,1.0,3500,False,3500,-1,65.0,nan,3500,0,C_dyn_spiral,9
scalar_onlstm,focal,1.1,3500,True,3400,67,65.0,1.0307692307692307,3400,0,C_dyn_spiral,9
scalar_onlstm_blind,astar,,2500,True,2084,66,65.0,1.0153846153846153,2084,0,C_dyn_spiral,9
scalar_onlstm_blind,focal,1.0,2500,False,2500,-1,65.0,nan,2500,0,C_dyn_spiral,9
scalar_onlstm_blind,focal,1.1,2500,False,2500,-1,65.0,nan,2500,0,C_dyn_spiral,9
scalar_onlstm_blind,astar,,3500,True,2084,66,65.0,1.0153846153846153,2084,0,C_dyn_spiral,9
scalar_onlstm_blind,focal,1.0,3500,False,3500,-1,65.0,nan,3500,0,C_dyn_spiral,9
scalar_onlstm_blind,focal,1.1,3500,False,3500,-1,65.0,nan,3500,0,C_dyn_spiral,9
field_unet,astar,,2500,True,1313,68,65.0,1.0461538461538462,1313,0,C_dyn_spiral,9
field_unet,focal,1.0,2500,False,2500,-1,65.0,nan,2500,0,C_dyn_spiral,9
field_unet,focal,1.1,2500,False,2500,-1,65.0,nan,2500,0,C_dyn_spiral,9
field_unet,astar,,3500,True,1313,68,65.0,1.0461538461538462,1313,0,C_dyn_spiral,9
field_unet,focal,1.0,3500,False,3500,-1,65.0,nan,3500,0,C_dyn_spiral,9
field_unet,focal,1.1,3500,True,2964,66,65.0,1.0153846153846153,2964,0,C_dyn_spiral,9
field_unet_blind,astar,,2500,True,995,65,65.0,1.0,995,0,C_dyn_spiral,9
field_unet_blind,focal,1.0,2500,False,2500,-1,65.0,nan,2500,0,C_dyn_spiral,9
field_unet_blind,focal,1.1,2500,False,2500,-1,65.0,nan,2500,0,C_dyn_spiral,9
field_unet_blind,astar,,3500,True,995,65,65.0,1.0,995,0,C_dyn_spiral,9
field_unet_blind,focal,1.0,3500,False,3500,-1,65.0,nan,3500,0,C_dyn_spiral,9
field_unet_blind,focal,1.1,3500,True,3217,68,65.0,1.0461538461538462,3217,0,C_dyn_spiral,9
field_hrm,astar,,2500,True,1089,65,65.0,1.0,1089,0,C_dyn_spiral,9
field_hrm,focal,1.0,2500,False,2500,-1,65.0,nan,2500,0,C_dyn_spiral,9
field_hrm,focal,1.1,2500,False,2500,-1,65.0,nan,2500,0,C_dyn_spiral,9
field_hrm,astar,,3500,True,1089,65,65.0,1.0,1089,0,C_dyn_spiral,9
field_hrm,focal,1.0,3500,False,3500,-1,65.0,nan,3500,0,C_dyn_spiral,9
field_hrm,focal,1.1,3500,True,2942,65,65.0,1.0,2942,0,C_dyn_spiral,9
field_hrm_blind,astar,,2500,True,585,66,65.0,1.0153846153846153,585,0,C_dyn_spiral,9
field_hrm_blind,focal,1.0,2500,False,2500,-1,65.0,nan,2500,0,C_dyn_spiral,9
field_hrm_blind,focal,1.1,2500,False,2500,-1,65.0,nan,2500,0,C_dyn_spiral,9
field_hrm_blind,astar,,3500,True,585,66,65.0,1.0153846153846153,585,0,C_dyn_spiral,9
field_hrm_blind,focal,1.0,3500,False,3500,-1,65.0,nan,3500,0,C_dyn_spiral,9
field_hrm_blind,focal,1.1,3500,True,3157,66,65.0,1.0153846153846153,3157,0,C_dyn_spiral,9
