group,phase,instance,map,seed,arm,solved_bigb,expansions,arrival,optimal_arrival
street,dev,0,Boston_0_256.map,30000004,euclid,True,799,31,31
street,dev,0,Boston_0_256.map,30000004,wastar_1.1,True,741,31,31
street,dev,0,Boston_0_256.map,30000004,wastar_1.2,True,671,31,31
street,dev,0,Boston_0_256.map,30000004,wastar_1.5,True,522,31,31
street,dev,0,Boston_0_256.map,30000004,wastar_2,True,343,31,31
street,dev,0,Boston_0_256.map,30000004,wastar_3,True,254,32,31
street,dev,0,Boston_0_256.map,30000004,wastar_5,True,239,32,31
street,dev,0,Boston_0_256.map,30000004,field_unet_blind,True,388,34,31
street,dev,1,Paris_0_256.map,30000005,euclid,True,4360,99,99
street,dev,1,Paris_0_256.map,30000005,wastar_1.1,True,4282,99,99
street,dev,1,Paris_0_256.map,30000005,wastar_1.2,True,4204,99,99
street,dev,1,Paris_0_256.map,30000005,wastar_1.5,True,3980,99,99
street,dev,1,Paris_0_256.map,30000005,wastar_2,True,3752,99,99
street,dev,1,Paris_0_256.map,30000005,wastar_3,True,3494,99,99
street,dev,1,Paris_0_256.map,30000005,wastar_5,True,3242,99,99
street,dev,1,Paris_0_256.map,30000005,field_unet_blind,True,4411,99,99
street,dev,2,Berlin_0_256.map,30000006,euclid,True,434,27,27
street,dev,2,Berlin_0_256.map,30000006,wastar_1.1,True,358,27,27
street,dev,2,Berlin_0_256.map,30000006,wastar_1.2,True,283,27,27
street,dev,2,Berlin_0_256.map,30000006,wastar_1.5,True,162,27,27
street,dev,2,Berlin_0_256.map,30000006,wastar_2,True,163,28,27
street,dev,2,Berlin_0_256.map,30000006,wastar_3,True,204,28,27
street,dev,2,Berlin_0_256.map,30000006,wastar_5,True,306,28,27
street,dev,2,Berlin_0_256.map,30000006,field_unet_blind,True,882,28,27
street,dev,3,Berlin_0_256.map,30000009,euclid,True,225,18,18
street,dev,3,Berlin_0_256.map,30000009,wastar_1.1,True,193,18,18
street,dev,3,Berlin_0_256.map,30000009,wastar_1.2,True,161,18,18
street,dev,3,Berlin_0_256.map,30000009,wastar_1.5,True,110,18,18
street,dev,3,Berlin_0_256.map,30000009,wastar_2,True,88,18,18
street,dev,3,Berlin_0_256.map,30000009,wastar_3,True,59,18,18
street,dev,3,Berlin_0_256.map,30000009,wastar_5,True,20,18,18
street,dev,3,Berlin_0_256.map,30000009,field_unet_blind,True,729,18,18
street,dev,4,Paris_0_256.map,30000011,euclid,True,1446,41,41
street,dev,4,Paris_0_256.map,30000011,wastar_1.1,True,1351,41,41
street,dev,4,Paris_0_256.map,30000011,wastar_1.2,True,1292,41,41
street,dev,4,Paris_0_256.map,30000011,wastar_1.5,True,1130,41,41
street,dev,4,Paris_0_256.map,30000011,wastar_2,True,993,41,41
street,dev,4,Paris_0_256.map,30000011,wastar_3,True,1106,42,41
street,dev,4,Paris_0_256.map,30000011,wastar_5,True,1367,42,41
street,dev,4,Paris_0_256.map,30000011,field_unet_blind,True,2360,41,41
street,dev,5,Berlin_0_256.map,30000012,euclid,True,498,31,31
street,dev,5,Berlin_0_256.map,30000012,wastar_1.1,True,410,31,31
street,dev,5,Berlin_0_256.map,30000012,wastar_1.2,True,324,31,31
street,dev,5,Berlin_0_256.map,30000012,wastar_1.5,True,209,32,31
street,dev,5,Berlin_0_256.map,30000012,wastar_2,True,84,32,31
street,dev,5,Berlin_0_256.map,30000012,wastar_3,True,73,32,31
street,dev,5,Berlin_0_256.map,30000012,wastar_5,True,50,32,31
street,dev,5,Berlin_0_256.map,30000012,field_unet_blind,True,186,32,31
street,dev,6,Berlin_0_256.map,30000015,euclid,True,305,22,22
street,dev,6,Berlin_0_256.map,30000015,wastar_1.1,True,268,22,22
street,dev,6,Berlin_0_256.map,30000015,wastar_1.2,True,232,22,22
street,dev,6,Berlin_0_256.map,30000015,wastar_1.5,True,193,22,22
street,dev,6,Berlin_0_256.map,30000015,wastar_2,True,169,22,22
street,dev,6,Berlin_0_256.map,30000015,wastar_3,True,144,22,22
street,dev,6,Berlin_0_256.map,30000015,wastar_5,True,38,22,22
street,dev,6,Berlin_0_256.map,30000015,field_unet_blind,True,1175,22,22
street,dev,7,Boston_0_256.map,30000016,euclid,True,589,26,26
street,dev,7,Boston_0_256.map,30000016,wastar_1.1,True,514,26,26
street,dev,7,Boston_0_256.map,30000016,wastar_1.2,True,439,26,26
street,dev,7,Boston_0_256.map,30000016,wastar_1.5,True,297,26,26
street,dev,7,Boston_0_256.map,30000016,wastar_2,True,171,26,26
street,dev,7,Boston_0_256.map,30000016,wastar_3,True,116,27,26
street,dev,7,Boston_0_256.map,30000016,wastar_5,True,99,28,26
street,dev,7,Boston_0_256.map,30000016,field_unet_blind,True,105,26,26
street,dev,8,Berlin_0_256.map,30000018,euclid,True,363,26,26
street,dev,8,Berlin_0_256.map,30000018,wastar_1.1,True,301,26,26
street,dev,8,Berlin_0_256.map,30000018,wastar_1.2,True,237,26,26
street,dev,8,Berlin_0_256.map,30000018,wastar_1.5,True,106,26,26
street,dev,8,Berlin_0_256.map,30000018,wastar_2,True,49,27,26
street,dev,8,Berlin_0_256.map,30000018,wastar_3,True,53,27,26
street,dev,8,Berlin_0_256.map,30000018,wastar_5,True,60,29,26
street,dev,8,Berlin_0_256.map,30000018,field_unet_blind,True,65,28,26
street,dev,9,Paris_0_256.map,30000023,euclid,True,4742,66,66
street,dev,9,Paris_0_256.map,30000023,wastar_1.1,True,4581,66,66
street,dev,9,Paris_0_256.map,30000023,wastar_1.2,True,4449,66,66
street,dev,9,Paris_0_256.map,30000023,wastar_1.5,True,4073,66,66
street,dev,9,Paris_0_256.map,30000023,wastar_2,True,4112,66,66
street,dev,9,Paris_0_256.map,30000023,wastar_3,True,4283,66,66
street,dev,9,Paris_0_256.map,30000023,wastar_5,True,4610,66,66
street,dev,9,Paris_0_256.map,30000023,field_unet_blind,True,5444,66,66
street,eval,0,Paris_0_256.map,31000001,euclid,True,187,21,21
street,eval,0,Paris_0_256.map,31000001,wastar_1.1,True,154,21,21
street,eval,0,Paris_0_256.map,31000001,wastar_1.2,True,130,21,21
street,eval,0,Paris_0_256.map,31000001,wastar_1.5,True,65,21,21
street,eval,0,Paris_0_256.map,31000001,wastar_2,True,28,21,21
street,eval,0,Paris_0_256.map,31000001,wastar_3,True,21,21,21
street,eval,0,Paris_0_256.map,31000001,wastar_5,True,17,21,21
street,eval,0,Paris_0_256.map,31000001,field_unet_blind,True,1272,21,21
street,eval,1,Paris_0_256.map,31000004,euclid,True,378,27,27
street,eval,1,Paris_0_256.map,31000004,wastar_1.1,True,314,27,27
street,eval,1,Paris_0_256.map,31000004,wastar_1.2,True,264,27,27
street,eval,1,Paris_0_256.map,31000004,wastar_1.5,True,158,27,27
street,eval,1,Paris_0_256.map,31000004,wastar_2,True,172,27,27
street,eval,1,Paris_0_256.map,31000004,wastar_3,True,259,28,27
street,eval,1,Paris_0_256.map,31000004,wastar_5,True,69,41,27
street,eval,1,Paris_0_256.map,31000004,field_unet_blind,True,471,27,27
street,eval,2,Berlin_0_256.map,31000005,euclid,True,897,32,32
street,eval,2,Berlin_0_256.map,31000005,wastar_1.1,True,843,32,32
street,eval,2,Berlin_0_256.map,31000005,wastar_1.2,True,795,32,32
street,eval,2,Berlin_0_256.map,31000005,wastar_1.5,True,690,32,32
street,eval,2,Berlin_0_256.map,31000005,wastar_2,True,536,32,32
street,eval,2,Berlin_0_256.map,31000005,wastar_3,True,301,32,32
street,eval,2,Berlin_0_256.map,31000005,wastar_5,True,102,32,32
street,eval,2,Berlin_0_256.map,31000005,field_unet_blind,True,720,32,32
street,eval,3,Boston_0_256.map,31000006,euclid,True,513,26,26
street,eval,3,Boston_0_256.map,31000006,wastar_1.1,True,417,26,26
street,eval,3,Boston_0_256.map,31000006,wastar_1.2,True,344,26,26
street,eval,3,Boston_0_256.map,31000006,wastar_1.5,True,275,26,26
street,eval,3,Boston_0_256.map,31000006,wastar_2,True,242,26,26
street,eval,3,Boston_0_256.map,31000006,wastar_3,True,325,26,26
street,eval,3,Boston_0_256.map,31000006,wastar_5,True,784,26,26
street,eval,3,Boston_0_256.map,31000006,field_unet_blind,True,1102,26,26
street,eval,4,Paris_0_256.map,31000007,euclid,True,432,25,25
street,eval,4,Paris_0_256.map,31000007,wastar_1.1,True,373,25,25
street,eval,4,Paris_0_256.map,31000007,wastar_1.2,True,326,25,25
street,eval,4,Paris_0_256.map,31000007,wastar_1.5,True,209,25,25
street,eval,4,Paris_0_256.map,31000007,wastar_2,True,152,25,25
street,eval,4,Paris_0_256.map,31000007,wastar_3,True,109,25,25
street,eval,4,Paris_0_256.map,31000007,wastar_5,True,100,25,25
street,eval,4,Paris_0_256.map,31000007,field_unet_blind,True,92,26,25
street,eval,5,Boston_0_256.map,31000009,euclid,True,245,23,23
street,eval,5,Boston_0_256.map,31000009,wastar_1.1,True,223,23,23
street,eval,5,Boston_0_256.map,31000009,wastar_1.2,True,198,23,23
street,eval,5,Boston_0_256.map,31000009,wastar_1.5,True,159,23,23
street,eval,5,Boston_0_256.map,31000009,wastar_2,True,131,23,23
street,eval,5,Boston_0_256.map,31000009,wastar_3,True,75,23,23
street,eval,5,Boston_0_256.map,31000009,wastar_5,True,45,23,23
street,eval,5,Boston_0_256.map,31000009,field_unet_blind,True,167,25,23
street,eval,6,Paris_0_256.map,31000010,euclid,True,1873,47,47
street,eval,6,Paris_0_256.map,31000010,wastar_1.1,True,1768,47,47
street,eval,6,Paris_0_256.map,31000010,wastar_1.2,True,1673,47,47
street,eval,6,Paris_0_256.map,31000010,wastar_1.5,True,1428,47,47
street,eval,6,Paris_0_256.map,31000010,wastar_2,True,1039,47,47
street,eval,6,Paris_0_256.map,31000010,wastar_3,True,696,47,47
street,eval,6,Paris_0_256.map,31000010,wastar_5,True,309,47,47
street,eval,6,Paris_0_256.map,31000010,field_unet_blind,True,2768,51,47
street,eval,7,Berlin_0_256.map,31000011,euclid,True,184,20,20
street,eval,7,Berlin_0_256.map,31000011,wastar_1.1,True,159,20,20
street,eval,7,Berlin_0_256.map,31000011,wastar_1.2,True,142,20,20
street,eval,7,Berlin_0_256.map,31000011,wastar_1.5,True,94,20,20
street,eval,7,Berlin_0_256.map,31000011,wastar_2,True,43,20,20
street,eval,7,Berlin_0_256.map,31000011,wastar_3,True,36,20,20
street,eval,7,Berlin_0_256.map,31000011,wastar_5,True,32,21,20
street,eval,7,Berlin_0_256.map,31000011,field_unet_blind,True,127,21,20
street,eval,8,Boston_0_256.map,31000012,euclid,True,132,17,17
street,eval,8,Boston_0_256.map,31000012,wastar_1.1,True,105,17,17
street,eval,8,Boston_0_256.map,31000012,wastar_1.2,True,88,17,17
street,eval,8,Boston_0_256.map,31000012,wastar_1.5,True,73,17,17
street,eval,8,Boston_0_256.map,31000012,wastar_2,True,65,17,17
street,eval,8,Boston_0_256.map,31000012,wastar_3,True,53,17,17
street,eval,8,Boston_0_256.map,31000012,wastar_5,True,66,17,17
street,eval,8,Boston_0_256.map,31000012,field_unet_blind,True,46,17,17
street,eval,9,Berlin_0_256.map,31000014,euclid,True,59,14,14
street,eval,9,Berlin_0_256.map,31000014,wastar_1.1,True,48,14,14
street,eval,9,Berlin_0_256.map,31000014,wastar_1.2,True,39,14,14
street,eval,9,Berlin_0_256.map,31000014,wastar_1.5,True,29,14,14
street,eval,9,Berlin_0_256.map,31000014,wastar_2,True,22,14,14
street,eval,9,Berlin_0_256.map,31000014,wastar_3,True,11,14,14
street,eval,9,Berlin_0_256.map,31000014,wastar_5,True,8,14,14
street,eval,9,Berlin_0_256.map,31000014,field_unet_blind,True,28,14,14
street,eval,10,Boston_0_256.map,31000015,euclid,True,262,23,23
street,eval,10,Boston_0_256.map,31000015,wastar_1.1,True,218,23,23
street,eval,10,Boston_0_256.map,31000015,wastar_1.2,True,191,23,23
street,eval,10,Boston_0_256.map,31000015,wastar_1.5,True,127,23,23
street,eval,10,Boston_0_256.map,31000015,wastar_2,True,78,23,23
street,eval,10,Boston_0_256.map,31000015,wastar_3,True,37,23,23
street,eval,10,Boston_0_256.map,31000015,wastar_5,True,23,23,23
street,eval,10,Boston_0_256.map,31000015,field_unet_blind,True,46,23,23
street,eval,11,Berlin_0_256.map,31000017,euclid,True,159,16,16
street,eval,11,Berlin_0_256.map,31000017,wastar_1.1,True,118,16,16
street,eval,11,Berlin_0_256.map,31000017,wastar_1.2,True,88,16,16
street,eval,11,Berlin_0_256.map,31000017,wastar_1.5,True,29,16,16
street,eval,11,Berlin_0_256.map,31000017,wastar_2,True,14,16,16
street,eval,11,Berlin_0_256.map,31000017,wastar_3,True,11,16,16
street,eval,11,Berlin_0_256.map,31000017,wastar_5,True,10,16,16
street,eval,11,Berlin_0_256.map,31000017,field_unet_blind,True,45,16,16
street,eval,12,Berlin_0_256.map,31000020,euclid,True,189,17,17
street,eval,12,Berlin_0_256.map,31000020,wastar_1.1,True,157,17,17
street,eval,12,Berlin_0_256.map,31000020,wastar_1.2,True,124,17,17
street,eval,12,Berlin_0_256.map,31000020,wastar_1.5,True,84,17,17
street,eval,12,Berlin_0_256.map,31000020,wastar_2,True,65,17,17
street,eval,12,Berlin_0_256.map,31000020,wastar_3,True,43,17,17
street,eval,12,Berlin_0_256.map,31000020,wastar_5,True,29,18,17
street,eval,12,Berlin_0_256.map,31000020,field_unet_blind,True,74,19,17
street,eval,13,Paris_0_256.map,31000022,euclid,True,3092,70,70
street,eval,13,Paris_0_256.map,31000022,wastar_1.1,True,2990,70,70
street,eval,13,Paris_0_256.map,31000022,wastar_1.2,True,2915,70,70
street,eval,13,Paris_0_256.map,31000022,wastar_1.5,True,2691,70,70
street,eval,13,Paris_0_256.map,31000022,wastar_2,True,2833,70,70
street,eval,13,Paris_0_256.map,31000022,wastar_3,True,3324,72,70
street,eval,13,Paris_0_256.map,31000022,wastar_5,True,4238,70,70
street,eval,13,Paris_0_256.map,31000022,field_unet_blind,True,4140,72,70
street,eval,14,Berlin_0_256.map,31000023,euclid,True,973,45,45
street,eval,14,Berlin_0_256.map,31000023,wastar_1.1,True,950,45,45
street,eval,14,Berlin_0_256.map,31000023,wastar_1.2,True,924,45,45
street,eval,14,Berlin_0_256.map,31000023,wastar_1.5,True,850,45,45
street,eval,14,Berlin_0_256.map,31000023,wastar_2,True,761,45,45
street,eval,14,Berlin_0_256.map,31000023,wastar_3,True,656,45,45
street,eval,14,Berlin_0_256.map,31000023,wastar_5,True,493,46,45
street,eval,14,Berlin_0_256.map,31000023,field_unet_blind,True,939,45,45
street,eval,15,Paris_0_256.map,31000025,euclid,True,579,36,36
street,eval,15,Paris_0_256.map,31000025,wastar_1.1,True,553,36,36
street,eval,15,Paris_0_256.map,31000025,wastar_1.2,True,526,36,36
street,eval,15,Paris_0_256.map,31000025,wastar_1.5,True,470,36,36
street,eval,15,Paris_0_256.map,31000025,wastar_2,True,400,36,36
street,eval,15,Paris_0_256.map,31000025,wastar_3,True,281,36,36
street,eval,15,Paris_0_256.map,31000025,wastar_5,True,146,36,36
street,eval,15,Paris_0_256.map,31000025,field_unet_blind,True,75,37,36
street,eval,16,Berlin_0_256.map,31000026,euclid,True,171,18,18
street,eval,16,Berlin_0_256.map,31000026,wastar_1.1,True,143,18,18
street,eval,16,Berlin_0_256.map,31000026,wastar_1.2,True,116,18,18
street,eval,16,Berlin_0_256.map,31000026,wastar_1.5,True,94,18,18
street,eval,16,Berlin_0_256.map,31000026,wastar_2,True,77,18,18
street,eval,16,Berlin_0_256.map,31000026,wastar_3,True,59,18,18
street,eval,16,Berlin_0_256.map,31000026,wastar_5,True,49,18,18
street,eval,16,Berlin_0_256.map,31000026,field_unet_blind,True,110,20,18
street,eval,17,Paris_0_256.map,31000028,euclid,True,280,20,20
street,eval,17,Paris_0_256.map,31000028,wastar_1.1,True,236,20,20
street,eval,17,Paris_0_256.map,31000028,wastar_1.2,True,202,20,20
street,eval,17,Paris_0_256.map,31000028,wastar_1.5,True,119,20,20
street,eval,17,Paris_0_256.map,31000028,wastar_2,True,53,20,20
street,eval,17,Paris_0_256.map,31000028,wastar_3,True,30,20,20
street,eval,17,Paris_0_256.map,31000028,wastar_5,True,23,20,20
street,eval,17,Paris_0_256.map,31000028,field_unet_blind,True,145,20,20
street,eval,18,Berlin_0_256.map,31000029,euclid,True,1431,52,52
street,eval,18,Berlin_0_256.map,31000029,wastar_1.1,True,1389,52,52
street,eval,18,Berlin_0_256.map,31000029,wastar_1.2,True,1349,52,52
street,eval,18,Berlin_0_256.map,31000029,wastar_1.5,True,1224,52,52
street,eval,18,Berlin_0_256.map,31000029,wastar_2,True,1108,52,52
street,eval,18,Berlin_0_256.map,31000029,wastar_3,True,952,52,52
street,eval,18,Berlin_0_256.map,31000029,wastar_5,True,835,52,52
street,eval,18,Berlin_0_256.map,31000029,field_unet_blind,True,1034,52,52
street,eval,19,Boston_0_256.map,31000030,euclid,True,79,18,18
street,eval,19,Boston_0_256.map,31000030,wastar_1.1,True,66,18,18
street,eval,19,Boston_0_256.map,31000030,wastar_1.2,True,57,18,18
street,eval,19,Boston_0_256.map,31000030,wastar_1.5,True,28,18,18
street,eval,19,Boston_0_256.map,31000030,wastar_2,True,18,18,18
street,eval,19,Boston_0_256.map,31000030,wastar_3,True,16,18,18
street,eval,19,Boston_0_256.map,31000030,wastar_5,True,14,18,18
street,eval,19,Boston_0_256.map,31000030,field_unet_blind,True,38,18,18
street,eval,20,Paris_0_256.map,31000031,euclid,True,207,21,21
street,eval,20,Paris_0_256.map,31000031,wastar_1.1,True,172,21,21
street,eval,20,Paris_0_256.map,31000031,wastar_1.2,True,135,21,21
street,eval,20,Paris_0_256.map,31000031,wastar_1.5,True,108,21,21
street,eval,20,Paris_0_256.map,31000031,wastar_2,True,91,21,21
street,eval,20,Paris_0_256.map,31000031,wastar_3,True,90,22,21
street,eval,20,Paris_0_256.map,31000031,wastar_5,True,95,22,21
street,eval,20,Paris_0_256.map,31000031,field_unet_blind,True,117,31,21
street,eval,21,Berlin_0_256.map,31000032,euclid,True,324,24,24
street,eval,21,Berlin_0_256.map,31000032,wastar_1.1,True,291,24,24
street,eval,21,Berlin_0_256.map,31000032,wastar_1.2,True,267,24,24
street,eval,21,Berlin_0_256.map,31000032,wastar_1.5,True,202,24,24
street,eval,21,Berlin_0_256.map,31000032,wastar_2,True,130,24,24
street,eval,21,Berlin_0_256.map,31000032,wastar_3,True,44,24,24
street,eval,21,Berlin_0_256.map,31000032,wastar_5,True,38,25,24
street,eval,21,Berlin_0_256.map,31000032,field_unet_blind,True,164,27,24
street,eval,22,Berlin_0_256.map,31000035,euclid,True,339,20,20
street,eval,22,Berlin_0_256.map,31000035,wastar_1.1,True,318,20,20
street,eval,22,Berlin_0_256.map,31000035,wastar_1.2,True,293,20,20
street,eval,22,Berlin_0_256.map,31000035,wastar_1.5,True,235,20,20
street,eval,22,Berlin_0_256.map,31000035,wastar_2,True,155,20,20
street,eval,22,Berlin_0_256.map,31000035,wastar_3,True,120,20,20
street,eval,22,Berlin_0_256.map,31000035,wastar_5,True,56,23,20
street,eval,22,Berlin_0_256.map,31000035,field_unet_blind,True,242,23,20
street,eval,23,Boston_0_256.map,31000036,euclid,True,64,13,13
street,eval,23,Boston_0_256.map,31000036,wastar_1.1,True,49,13,13
street,eval,23,Boston_0_256.map,31000036,wastar_1.2,True,34,13,13
street,eval,23,Boston_0_256.map,31000036,wastar_1.5,True,9,13,13
street,eval,23,Boston_0_256.map,31000036,wastar_2,True,8,13,13
street,eval,23,Boston_0_256.map,31000036,wastar_3,True,8,13,13
street,eval,23,Boston_0_256.map,31000036,wastar_5,True,8,13,13
street,eval,23,Boston_0_256.map,31000036,field_unet_blind,True,10,14,13
street,eval,24,Paris_0_256.map,31000037,euclid,True,1124,34,34
street,eval,24,Paris_0_256.map,31000037,wastar_1.1,True,1050,34,34
street,eval,24,Paris_0_256.map,31000037,wastar_1.2,True,984,34,34
street,eval,24,Paris_0_256.map,31000037,wastar_1.5,True,815,34,34
street,eval,24,Paris_0_256.map,31000037,wastar_2,True,556,34,34
street,eval,24,Paris_0_256.map,31000037,wastar_3,True,420,34,34
street,eval,24,Paris_0_256.map,31000037,wastar_5,True,208,40,34
street,eval,24,Paris_0_256.map,31000037,field_unet_blind,True,1632,36,34
dao,dev,0,den312d.map,30000000,euclid,True,971,33,33
dao,dev,0,den312d.map,30000000,wastar_1.1,True,900,33,33
dao,dev,0,den312d.map,30000000,wastar_1.2,True,826,33,33
dao,dev,0,den312d.map,30000000,wastar_1.5,True,649,33,33
dao,dev,0,den312d.map,30000000,wastar_2,True,424,33,33
dao,dev,0,den312d.map,30000000,wastar_3,True,261,33,33
dao,dev,0,den312d.map,30000000,wastar_5,True,122,33,33
dao,dev,0,den312d.map,30000000,field_unet_blind,True,2202,35,33
dao,dev,1,den520d.map,30000001,euclid,True,907,29,29
dao,dev,1,den520d.map,30000001,wastar_1.1,True,829,29,29
dao,dev,1,den520d.map,30000001,wastar_1.2,True,749,29,29
dao,dev,1,den520d.map,30000001,wastar_1.5,True,607,29,29
dao,dev,1,den520d.map,30000001,wastar_2,True,455,29,29
dao,dev,1,den520d.map,30000001,wastar_3,True,203,29,29
dao,dev,1,den520d.map,30000001,wastar_5,True,108,29,29
dao,dev,1,den520d.map,30000001,field_unet_blind,True,137,29,29
dao,dev,2,den312d.map,30000003,euclid,True,503,24,24
dao,dev,2,den312d.map,30000003,wastar_1.1,True,431,24,24
dao,dev,2,den312d.map,30000003,wastar_1.2,True,364,24,24
dao,dev,2,den312d.map,30000003,wastar_1.5,True,258,24,24
dao,dev,2,den312d.map,30000003,wastar_2,True,202,24,24
dao,dev,2,den312d.map,30000003,wastar_3,True,159,24,24
dao,dev,2,den312d.map,30000003,wastar_5,True,117,24,24
dao,dev,2,den312d.map,30000003,field_unet_blind,True,559,31,24
dao,dev,3,den520d.map,30000004,euclid,True,824,23,23
dao,dev,3,den520d.map,30000004,wastar_1.1,True,721,23,23
dao,dev,3,den520d.map,30000004,wastar_1.2,True,626,23,23
dao,dev,3,den520d.map,30000004,wastar_1.5,True,415,23,23
dao,dev,3,den520d.map,30000004,wastar_2,True,385,23,23
dao,dev,3,den520d.map,30000004,wastar_3,True,347,23,23
dao,dev,3,den520d.map,30000004,wastar_5,True,412,23,23
dao,dev,3,den520d.map,30000004,field_unet_blind,True,1027,25,23
dao,dev,4,den312d.map,30000009,euclid,True,150,16,16
dao,dev,4,den312d.map,30000009,wastar_1.1,True,120,16,16
dao,dev,4,den312d.map,30000009,wastar_1.2,True,106,16,16
dao,dev,4,den312d.map,30000009,wastar_1.5,True,63,16,16
dao,dev,4,den312d.map,30000009,wastar_2,True,30,16,16
dao,dev,4,den312d.map,30000009,wastar_3,True,24,16,16
dao,dev,4,den312d.map,30000009,wastar_5,True,20,16,16
dao,dev,4,den312d.map,30000009,field_unet_blind,True,56,16,16
dao,dev,5,den520d.map,30000010,euclid,True,769,23,23
dao,dev,5,den520d.map,30000010,wastar_1.1,True,682,23,23
dao,dev,5,den520d.map,30000010,wastar_1.2,True,608,23,23
dao,dev,5,den520d.map,30000010,wastar_1.5,True,413,23,23
dao,dev,5,den520d.map,30000010,wastar_2,True,284,23,23
dao,dev,5,den520d.map,30000010,wastar_3,True,238,23,23
dao,dev,5,den520d.map,30000010,wastar_5,True,171,23,23
dao,dev,5,den520d.map,30000010,field_unet_blind,True,1183,23,23
dao,dev,6,den520d.map,30000013,euclid,True,1625,36,36
dao,dev,6,den520d.map,30000013,wastar_1.1,True,1515,36,36
dao,dev,6,den520d.map,30000013,wastar_1.2,True,1430,36,36
dao,dev,6,den520d.map,30000013,wastar_1.5,True,1190,36,36
dao,dev,6,den520d.map,30000013,wastar_2,True,842,36,36
dao,dev,6,den520d.map,30000013,wastar_3,True,439,36,36
dao,dev,6,den520d.map,30000013,wastar_5,True,213,37,36
dao,dev,6,den520d.map,30000013,field_unet_blind,True,1958,39,36
dao,dev,7,den520d.map,30000016,euclid,True,193,15,15
dao,dev,7,den520d.map,30000016,wastar_1.1,True,155,15,15
dao,dev,7,den520d.map,30000016,wastar_1.2,True,121,15,15
dao,dev,7,den520d.map,30000016,wastar_1.5,True,47,15,15
dao,dev,7,den520d.map,30000016,wastar_2,True,25,15,15
dao,dev,7,den520d.map,30000016,wastar_3,True,28,15,15
dao,dev,7,den520d.map,30000016,wastar_5,True,31,18,15
dao,dev,7,den520d.map,30000016,field_unet_blind,True,14,15,15
dao,dev,8,den520d.map,30000019,euclid,True,3668,59,59
dao,dev,8,den520d.map,30000019,wastar_1.1,True,3592,59,59
dao,dev,8,den520d.map,30000019,wastar_1.2,True,3509,59,59
dao,dev,8,den520d.map,30000019,wastar_1.5,True,3323,59,59
dao,dev,8,den520d.map,30000019,wastar_2,True,3100,59,59
dao,dev,8,den520d.map,30000019,wastar_3,True,2628,60,59
dao,dev,8,den520d.map,30000019,wastar_5,True,2111,60,59
dao,dev,8,den520d.map,30000019,field_unet_blind,True,2867,60,59
dao,dev,9,den312d.map,30000021,euclid,True,617,50,50
dao,dev,9,den312d.map,30000021,wastar_1.1,True,600,50,50
dao,dev,9,den312d.map,30000021,wastar_1.2,True,579,50,50
dao,dev,9,den312d.map,30000021,wastar_1.5,True,536,50,50
dao,dev,9,den312d.map,30000021,wastar_2,True,494,50,50
dao,dev,9,den312d.map,30000021,wastar_3,True,453,50,50
dao,dev,9,den312d.map,30000021,wastar_5,True,370,50,50
dao,dev,9,den312d.map,30000021,field_unet_blind,True,457,50,50
dao,eval,0,den520d.map,31000000,euclid,True,449,26,26
dao,eval,0,den520d.map,31000000,wastar_1.1,True,378,26,26
dao,eval,0,den520d.map,31000000,wastar_1.2,True,316,26,26
dao,eval,0,den520d.map,31000000,wastar_1.5,True,154,26,26
dao,eval,0,den520d.map,31000000,wastar_2,True,31,26,26
dao,eval,0,den520d.map,31000000,wastar_3,True,28,26,26
dao,eval,0,den520d.map,31000000,wastar_5,True,27,26,26
dao,eval,0,den520d.map,31000000,field_unet_blind,True,117,26,26
dao,eval,1,den312d.map,31000002,euclid,True,260,22,22
dao,eval,1,den312d.map,31000002,wastar_1.1,True,221,22,22
dao,eval,1,den312d.map,31000002,wastar_1.2,True,187,22,22
dao,eval,1,den312d.map,31000002,wastar_1.5,True,95,22,22
dao,eval,1,den312d.map,31000002,wastar_2,True,37,22,22
dao,eval,1,den312d.map,31000002,wastar_3,True,27,22,22
dao,eval,1,den312d.map,31000002,wastar_5,True,21,22,22
dao,eval,1,den312d.map,31000002,field_unet_blind,True,21,22,22
dao,eval,2,den520d.map,31000003,euclid,True,263,22,22
dao,eval,2,den520d.map,31000003,wastar_1.1,True,200,22,22
dao,eval,2,den520d.map,31000003,wastar_1.2,True,150,22,22
dao,eval,2,den520d.map,31000003,wastar_1.5,True,38,22,22
dao,eval,2,den520d.map,31000003,wastar_2,True,16,22,22
dao,eval,2,den520d.map,31000003,wastar_3,True,60,22,22
dao,eval,2,den520d.map,31000003,wastar_5,True,138,31,22
dao,eval,2,den520d.map,31000003,field_unet_blind,True,271,31,22
dao,eval,3,den520d.map,31000006,euclid,True,263,20,20
dao,eval,3,den520d.map,31000006,wastar_1.1,True,223,20,20
dao,eval,3,den520d.map,31000006,wastar_1.2,True,193,20,20
dao,eval,3,den520d.map,31000006,wastar_1.5,True,117,20,20
dao,eval,3,den520d.map,31000006,wastar_2,True,75,20,20
dao,eval,3,den520d.map,31000006,wastar_3,True,42,20,20
dao,eval,3,den520d.map,31000006,wastar_5,True,23,20,20
dao,eval,3,den520d.map,31000006,field_unet_blind,True,477,22,20
dao,eval,4,den520d.map,31000009,euclid,True,1111,28,28
dao,eval,4,den520d.map,31000009,wastar_1.1,True,1009,28,28
dao,eval,4,den520d.map,31000009,wastar_1.2,True,911,28,28
dao,eval,4,den520d.map,31000009,wastar_1.5,True,641,28,28
dao,eval,4,den520d.map,31000009,wastar_2,True,557,28,28
dao,eval,4,den520d.map,31000009,wastar_3,True,540,28,28
dao,eval,4,den520d.map,31000009,wastar_5,True,642,36,28
dao,eval,4,den520d.map,31000009,field_unet_blind,True,1061,29,28
dao,eval,5,den312d.map,31000014,euclid,True,270,20,20
dao,eval,5,den312d.map,31000014,wastar_1.1,True,196,20,20
dao,eval,5,den312d.map,31000014,wastar_1.2,True,161,20,20
dao,eval,5,den312d.map,31000014,wastar_1.5,True,161,20,20
dao,eval,5,den312d.map,31000014,wastar_2,True,213,20,20
dao,eval,5,den312d.map,31000014,wastar_3,True,394,20,20
dao,eval,5,den312d.map,31000014,wastar_5,True,633,20,20
dao,eval,5,den312d.map,31000014,field_unet_blind,True,1287,24,20
dao,eval,6,den520d.map,31000015,euclid,True,882,28,28
dao,eval,6,den520d.map,31000015,wastar_1.1,True,777,28,28
dao,eval,6,den520d.map,31000015,wastar_1.2,True,690,28,28
dao,eval,6,den520d.map,31000015,wastar_1.5,True,520,28,28
dao,eval,6,den520d.map,31000015,wastar_2,True,378,28,28
dao,eval,6,den520d.map,31000015,wastar_3,True,262,28,28
dao,eval,6,den520d.map,31000015,wastar_5,True,157,28,28
dao,eval,6,den520d.map,31000015,field_unet_blind,True,1089,28,28
dao,eval,7,den312d.map,31000017,euclid,True,318,18,18
dao,eval,7,den312d.map,31000017,wastar_1.1,True,266,18,18
dao,eval,7,den312d.map,31000017,wastar_1.2,True,219,18,18
dao,eval,7,den312d.map,31000017,wastar_1.5,True,95,18,18
dao,eval,7,den312d.map,31000017,wastar_2,True,47,18,18
dao,eval,7,den312d.map,31000017,wastar_3,True,30,18,18
dao,eval,7,den312d.map,31000017,wastar_5,True,17,19,18
dao,eval,7,den312d.map,31000017,field_unet_blind,True,531,20,18
dao,eval,8,den520d.map,31000018,euclid,True,433,22,22
dao,eval,8,den520d.map,31000018,wastar_1.1,True,355,22,22
dao,eval,8,den520d.map,31000018,wastar_1.2,True,291,22,22
dao,eval,8,den520d.map,31000018,wastar_1.5,True,160,22,22
dao,eval,8,den520d.map,31000018,wastar_2,True,116,22,22
dao,eval,8,den520d.map,31000018,wastar_3,True,149,22,22
dao,eval,8,den520d.map,31000018,wastar_5,True,167,22,22
dao,eval,8,den520d.map,31000018,field_unet_blind,True,278,22,22
dao,eval,9,den312d.map,31000020,euclid,True,883,31,31
dao,eval,9,den312d.map,31000020,wastar_1.1,True,783,31,31
dao,eval,9,den312d.map,31000020,wastar_1.2,True,698,31,31
dao,eval,9,den312d.map,31000020,wastar_1.5,True,463,31,31
dao,eval,9,den312d.map,31000020,wastar_2,True,279,31,31
dao,eval,9,den312d.map,31000020,wastar_3,True,147,31,31
dao,eval,9,den312d.map,31000020,wastar_5,True,116,31,31
dao,eval,9,den312d.map,31000020,field_unet_blind,True,1733,34,31
dao,eval,10,den520d.map,31000021,euclid,True,512,21,21
dao,eval,10,den520d.map,31000021,wastar_1.1,True,450,21,21
dao,eval,10,den520d.map,31000021,wastar_1.2,True,389,21,21
dao,eval,10,den520d.map,31000021,wastar_1.5,True,315,21,21
dao,eval,10,den520d.map,31000021,wastar_2,True,210,21,21
dao,eval,10,den520d.map,31000021,wastar_3,True,117,23,21
dao,eval,10,den520d.map,31000021,wastar_5,True,58,24,21
dao,eval,10,den520d.map,31000021,field_unet_blind,True,57,21,21
dao,eval,11,den312d.map,31000023,euclid,True,308,20,20
dao,eval,11,den312d.map,31000023,wastar_1.1,True,270,20,20
dao,eval,11,den312d.map,31000023,wastar_1.2,True,244,20,20
dao,eval,11,den312d.map,31000023,wastar_1.5,True,165,20,20
dao,eval,11,den312d.map,31000023,wastar_2,True,93,20,20
dao,eval,11,den312d.map,31000023,wastar_3,True,38,20,20
dao,eval,11,den312d.map,31000023,wastar_5,True,37,20,20
dao,eval,11,den312d.map,31000023,field_unet_blind,True,744,21,20
dao,eval,12,den520d.map,31000024,euclid,True,952,30,30
dao,eval,12,den520d.map,31000024,wastar_1.1,True,851,30,30
dao,eval,12,den520d.map,31000024,wastar_1.2,True,759,30,30
dao,eval,12,den520d.map,31000024,wastar_1.5,True,504,30,30
dao,eval,12,den520d.map,31000024,wastar_2,True,274,30,30
dao,eval,12,den520d.map,31000024,wastar_3,True,128,30,30
dao,eval,12,den520d.map,31000024,wastar_5,True,95,31,30
dao,eval,12,den520d.map,31000024,field_unet_blind,True,1830,36,30
dao,eval,13,den312d.map,31000026,euclid,True,162,14,14
dao,eval,13,den312d.map,31000026,wastar_1.1,True,138,14,14
dao,eval,13,den312d.map,31000026,wastar_1.2,True,108,14,14
dao,eval,13,den312d.map,31000026,wastar_1.5,True,52,14,14
dao,eval,13,den312d.map,31000026,wastar_2,True,23,14,14
dao,eval,13,den312d.map,31000026,wastar_3,True,14,15,14
dao,eval,13,den312d.map,31000026,wastar_5,True,12,15,14
dao,eval,13,den312d.map,31000026,field_unet_blind,True,840,14,14
dao,eval,14,den520d.map,31000027,euclid,True,1173,42,42
dao,eval,14,den520d.map,31000027,wastar_1.1,True,1067,42,42
dao,eval,14,den520d.map,31000027,wastar_1.2,True,964,42,42
dao,eval,14,den520d.map,31000027,wastar_1.5,True,656,42,42
dao,eval,14,den520d.map,31000027,wastar_2,True,285,42,42
dao,eval,14,den520d.map,31000027,wastar_3,True,95,43,42
dao,eval,14,den520d.map,31000027,wastar_5,True,51,43,42
dao,eval,14,den520d.map,31000027,field_unet_blind,True,398,43,42
dao,eval,15,den520d.map,31000030,euclid,True,1307,31,31
dao,eval,15,den520d.map,31000030,wastar_1.1,True,1213,31,31
dao,eval,15,den520d.map,31000030,wastar_1.2,True,1135,31,31
dao,eval,15,den520d.map,31000030,wastar_1.5,True,939,31,31
dao,eval,15,den520d.map,31000030,wastar_2,True,758,31,31
dao,eval,15,den520d.map,31000030,wastar_3,True,540,31,31
dao,eval,15,den520d.map,31000030,wastar_5,True,335,31,31
dao,eval,15,den520d.map,31000030,field_unet_blind,True,1448,31,31
dao,eval,16,den520d.map,31000033,euclid,True,123,14,14
dao,eval,16,den520d.map,31000033,wastar_1.1,True,96,14,14
dao,eval,16,den520d.map,31000033,wastar_1.2,True,68,14,14
dao,eval,16,den520d.map,31000033,wastar_1.5,True,31,14,14
dao,eval,16,den520d.map,31000033,wastar_2,True,28,14,14
dao,eval,16,den520d.map,31000033,wastar_3,True,26,14,14
dao,eval,16,den520d.map,31000033,wastar_5,True,23,14,14
dao,eval,16,den520d.map,31000033,field_unet_blind,True,17,15,14
dao,eval,17,den520d.map,31000036,euclid,True,525,30,30
dao,eval,17,den520d.map,31000036,wastar_1.1,True,498,30,30
dao,eval,17,den520d.map,31000036,wastar_1.2,True,471,30,30
dao,eval,17,den520d.map,31000036,wastar_1.5,True,398,30,30
dao,eval,17,den520d.map,31000036,wastar_2,True,306,30,30
dao,eval,17,den520d.map,31000036,wastar_3,True,214,30,30
dao,eval,17,den520d.map,31000036,wastar_5,True,168,30,30
dao,eval,17,den520d.map,31000036,field_unet_blind,True,672,31,30
dao,eval,18,den520d.map,31000039,euclid,True,452,23,23
dao,eval,18,den520d.map,31000039,wastar_1.1,True,407,23,23
dao,eval,18,den520d.map,31000039,wastar_1.2,True,373,23,23
dao,eval,18,den520d.map,31000039,wastar_1.5,True,281,23,23
dao,eval,18,den520d.map,31000039,wastar_2,True,172,23,23
dao,eval,18,den520d.map,31000039,wastar_3,True,38,23,23
dao,eval,18,den520d.map,31000039,wastar_5,True,25,23,23
dao,eval,18,den520d.map,31000039,field_unet_blind,True,360,23,23
dao,eval,19,den520d.map,31000042,euclid,True,1817,40,40
dao,eval,19,den520d.map,31000042,wastar_1.1,True,1731,40,40
dao,eval,19,den520d.map,31000042,wastar_1.2,True,1660,40,40
dao,eval,19,den520d.map,31000042,wastar_1.5,True,1430,40,40
dao,eval,19,den520d.map,31000042,wastar_2,True,1122,41,40
dao,eval,19,den520d.map,31000042,wastar_3,True,798,41,40
dao,eval,19,den520d.map,31000042,wastar_5,True,486,41,40
dao,eval,19,den520d.map,31000042,field_unet_blind,True,1031,40,40
dao,eval,20,den520d.map,31000045,euclid,True,400,19,19
dao,eval,20,den520d.map,31000045,wastar_1.1,True,363,19,19
dao,eval,20,den520d.map,31000045,wastar_1.2,True,332,19,19
dao,eval,20,den520d.map,31000045,wastar_1.5,True,274,19,19
dao,eval,20,den520d.map,31000045,wastar_2,True,187,20,19
dao,eval,20,den520d.map,31000045,wastar_3,True,93,20,19
dao,eval,20,den520d.map,31000045,wastar_5,True,35,19,19
dao,eval,20,den520d.map,31000045,field_unet_blind,True,168,19,19
dao,eval,21,den312d.map,31000047,euclid,True,1092,30,30
dao,eval,21,den312d.map,31000047,wastar_1.1,True,1003,30,30
dao,eval,21,den312d.map,31000047,wastar_1.2,True,920,30,30
dao,eval,21,den312d.map,31000047,wastar_1.5,True,735,30,30
dao,eval,21,den312d.map,31000047,wastar_2,True,523,30,30
dao,eval,21,den312d.map,31000047,wastar_3,True,268,30,30
dao,eval,21,den312d.map,31000047,wastar_5,True,141,30,30
dao,eval,21,den312d.map,31000047,field_unet_blind,True,656,32,30
dao,eval,22,den520d.map,31000048,euclid,True,386,20,20
dao,eval,22,den520d.map,31000048,wastar_1.1,True,340,20,20
dao,eval,22,den520d.map,31000048,wastar_1.2,True,303,20,20
dao,eval,22,den520d.map,31000048,wastar_1.5,True,232,20,20
dao,eval,22,den520d.map,31000048,wastar_2,True,176,21,20
dao,eval,22,den520d.map,31000048,wastar_3,True,123,22,20
dao,eval,22,den520d.map,31000048,wastar_5,True,53,22,20
dao,eval,22,den520d.map,31000048,field_unet_blind,True,255,22,20
dao,eval,23,den312d.map,31000050,euclid,True,771,26,26
dao,eval,23,den312d.map,31000050,wastar_1.1,True,638,26,26
dao,eval,23,den312d.map,31000050,wastar_1.2,True,538,26,26
dao,eval,23,den312d.map,31000050,wastar_1.5,True,401,26,26
dao,eval,23,den312d.map,31000050,wastar_2,True,238,26,26
dao,eval,23,den312d.map,31000050,wastar_3,True,97,26,26
dao,eval,23,den312d.map,31000050,wastar_5,True,101,27,26
dao,eval,23,den312d.map,31000050,field_unet_blind,True,2271,26,26
dao,eval,24,den520d.map,31000051,euclid,True,58,14,14
dao,eval,24,den520d.map,31000051,wastar_1.1,True,36,14,14
dao,eval,24,den520d.map,31000051,wastar_1.2,True,19,14,14
dao,eval,24,den520d.map,31000051,wastar_1.5,True,13,14,14
dao,eval,24,den520d.map,31000051,wastar_2,True,52,14,14
dao,eval,24,den520d.map,31000051,wastar_3,True,79,14,14
dao,eval,24,den520d.map,31000051,wastar_5,True,75,26,14
dao,eval,24,den520d.map,31000051,field_unet_blind,True,240,26,14
